...1,Label,Area,Mean,Min,Max,IntDen,RawIntDen
1,MAX_20221219_46F_Gal4_cd8_GFP_GD_L1_S3L_C1.tif,12.996,254.917,0,255,3312.928,784125
2,MAX_20221219_46F_Gal4_cd8_GFP_GD_L1_S3L_C1.tif,56.07,252.002,0,255,14129.774,3344325
3,MAX_20221219_46F_Gal4_cd8_GFP_GD_L1_S3L_C3.tif,276.835,254.716,0,255,70514.197,16689750
4,MAX_20221219_46F_Gal4_cd8_GFP_GD_L1_S3R_C1.tif,30.728,253.668,0,255,7794.809,1844925
5,MAX_20221219_46F_Gal4_cd8_GFP_GD_L1_S3R_C3.tif,210.312,254.457,0,255,53515.374,12666360
6,MAX_20221219_46F_Gal4_cd8_GFP_GD_L1_S4L_C1.tif,34.979,255,255,255,8919.588,2111145
7,MAX_20221219_46F_Gal4_cd8_GFP_GD_L1_S4L_C3.tif,190.459,254.757,0,255,48520.663,11484180
8,MAX_20221219_46F_Gal4_cd8_GFP_GD_L1_S4R_C1.tif,18.679,251.828,0,255,4703.819,1113330
9,MAX_20221219_46F_Gal4_cd8_GFP_GD_L1_S4R_C3.tif,169.161,251.503,0,255,42544.464,10069695
10,MAX_20221219_46F_Gal4_cd8_GFP_GD_L1_S5L_C1.tif,4.47,255,255,255,1139.863,269790
11,MAX_20221219_46F_Gal4_cd8_GFP_GD_L1_S5L_C3.tif,94.167,254.508,0,255,23966.208,5672475
12,MAX_20221219_46F_Gal4_cd8_GFP_GD_L1_S5L_C3.tif,39.529,254.155,0,255,10046.522,2377875
13,MAX_20221219_46F_Gal4_cd8_GFP_GD_L2_S2L_C1.tif,20.073,253.98,0,255,5098.139,1206660
14,MAX_20221219_46F_Gal4_cd8_GFP_GD_L2_S2L_C1.tif,47.835,252.973,0,255,12101.077,2864160
15,MAX_20221219_46F_Gal4_cd8_GFP_GD_L2_S2L_C1.tif,2.417,253.663,0,255,613.026,145095
16,MAX_20221219_46F_Gal4_cd8_GFP_GD_L2_S2L_C1.tif,3.186,255,255,255,812.341,192270
17,MAX_20221219_46F_Gal4_cd8_GFP_GD_L2_S2L_C1.tif,8.856,251.229,0,255,2224.779,526575
18,MAX_20221219_46F_Gal4_cd8_GFP_GD_L2_S2L_C1.tif,64.803,245.756,0,255,15925.758,3769410
19,MAX_20221219_46F_Gal4_cd8_GFP_GD_L2_S2L_C1.tif,2.607,255,255,255,664.74,157335
20,MAX_20221219_46F_Gal4_cd8_GFP_GD_L2_S2L_C1.tif,3.072,254.649,0,255,782.174,185130
21,MAX_20221219_46F_Gal4_cd8_GFP_GD_L2_S2L_C1.tif,13.402,250.9,0,255,3362.488,795855
22,MAX_20221219_46F_Gal4_cd8_GFP_GD_L2_S2L_C3.tif,10.529,255,255,255,2684.819,635460
23,MAX_20221219_46F_Gal4_cd8_GFP_GD_L2_S2L_C3.tif,552.782,248.067,0,255,137127.219,32456145
24,MAX_20221219_46F_Gal4_cd8_GFP_GD_L2_S2L_C3.tif,3.663,253.235,0,255,927.62,219555
25,MAX_20221219_46F_Gal4_cd8_GFP_GD_L2_S2L_C3.tif,2.117,251.437,0,255,532.223,125970
26,MAX_20221219_46F_Gal4_cd8_GFP_GD_L2_S2L_C3.tif,2.691,248.595,0,255,669.05,158355
27,MAX_20221219_46F_Gal4_cd8_GFP_GD_L2_S2L_C3.tif,4.415,255,255,255,1125.857,266475
28,MAX_20221219_46F_Gal4_cd8_GFP_GD_L2_S2L_C3.tif,3.105,255,255,255,791.871,187425
29,MAX_20221219_46F_Gal4_cd8_GFP_GD_L2_S2R_C1.tif,64.368,254.18,0,255,16361.018,3872430
30,MAX_20221219_46F_Gal4_cd8_GFP_GD_L2_S2R_C3.tif,443.304,218.832,0,255,97009.005,22960710
31,MAX_20221219_46F_Gal4_cd8_GFP_GD_L2_S2R_C3.tif,5.788,255,255,255,1476.004,349350
32,MAX_20221219_46F_Gal4_cd8_GFP_GD_L2_S2R_C3.tif,2.945,255,255,255,750.93,177735
33,MAX_20221219_46F_Gal4_cd8_GFP_GD_L2_S2R_C3.tif,4.124,251.865,0,255,1038.59,245820
34,MAX_20221219_46F_Gal4_cd8_GFP_GD_L2_S3L_C1.tif,64.976,254.983,0,255,16567.874,3921390
35,MAX_20221219_46F_Gal4_cd8_GFP_GD_L2_S3L_C1.tif,65.141,255,255,255,16610.969,3931590
36,MAX_20221219_46F_Gal4_cd8_GFP_GD_L2_S3L_C3.tif,365.805,254.243,0,255,93003.324,22012620
37,MAX_20221219_46F_Gal4_cd8_GFP_GD_L2_S3L_C3.tif,6.739,255,255,255,1718.413,406725
38,MAX_20221219_46F_Gal4_cd8_GFP_GD_L2_S3R_C1.tif,3.95,248.182,0,255,980.411,232050
39,MAX_20221219_46F_Gal4_cd8_GFP_GD_L2_S3R_C1.tif,82.206,254.056,0,255,20884.915,4943175
40,MAX_20221219_46F_Gal4_cd8_GFP_GD_L2_S3R_C3.tif,323.094,254.693,0,255,82289.907,19476900
41,MAX_20221219_46F_Gal4_cd8_GFP_GD_L2_S3R_C3.tif,4.914,243.818,0,255,1198.041,283560
42,MAX_20221219_46F_Gal4_cd8_GFP_GD_L2_S3R_C3.tif,3.291,255,255,255,839.275,198645
43,MAX_20221219_46F_Gal4_cd8_GFP_GD_L2_S3R_C3.tif,3.279,251.385,0,255,824.192,195075
44,MAX_20221219_46F_Gal4_cd8_GFP_GD_L2_S4R_C1.tif,62.441,254.896,0,255,15916.062,3767115
45,MAX_20221219_46F_Gal4_cd8_GFP_GD_L2_S4R_C3.tif,427.773,248.852,0,255,106452.197,25195785
46,MAX_20221219_46F_Gal4_cd8_GFP_GD_L2_S5L_C1.tif,38.984,254.558,0,255,9923.702,2348805
47,MAX_20221219_46F_Gal4_cd8_GFP_GD_L2_S5L_C1.tif,6.701,251.141,0,255,1682.86,398310
48,MAX_20221219_46F_Gal4_cd8_GFP_GD_L2_S5L_C3.tif,102.625,238.969,0,255,24524.288,5804565
49,MAX_20221219_46F_Gal4_cd8_GFP_GD_L2_S5L_C3.tif,228.767,246.631,0,255,56421.054,13354095
50,MAX_20221219_46F_Gal4_cd8_GFP_GD_L2_S5R_C1.tif,9.054,254.762,0,255,2306.66,545955
51,MAX_20221219_46F_Gal4_cd8_GFP_GD_L2_S5R_C3.tif,222.074,254.966,0,255,56621.446,13401525
52,MAX_20221219_46F_Gal4_cd8_GFP_GD_L3_S2L_C1.tif,12.282,253.947,0,255,3119.001,738225
53,MAX_20221219_46F_Gal4_cd8_GFP_GD_L3_S2L_C1.tif,275.402,246.648,0,255,67927.42,16077495
54,MAX_20221219_46F_Gal4_cd8_GFP_GD_L3_S2L_C3.tif,4.559,255,255,255,1162.488,275145
55,MAX_20221219_46F_Gal4_cd8_GFP_GD_L3_S2L_C3.tif,1616.096,233.169,0,255,376823.776,89189055
56,MAX_20221219_46F_Gal4_cd8_GFP_GD_L3_S2L_C3.tif,2.189,253.523,0,255,554.848,131325
57,MAX_20221219_46F_Gal4_cd8_GFP_GD_L3_S2R_C1.tif,18.493,254.301,0,255,4702.742,1113075
58,MAX_20221219_46F_Gal4_cd8_GFP_GD_L3_S2R_C1.tif,90.888,251.918,0,255,22896.375,5419260
59,MAX_20221219_46F_Gal4_cd8_GFP_GD_L3_S2R_C1.tif,101.455,247.673,0,255,25127.618,5947365
60,MAX_20221219_46F_Gal4_cd8_GFP_GD_L3_S2R_C1.tif,7.706,247.171,0,255,1904.799,450840
61,MAX_20221219_46F_Gal4_cd8_GFP_GD_L3_S2R_C1.tif,3.122,252.24,0,255,787.561,186405
62,MAX_20221219_46F_Gal4_cd8_GFP_GD_L3_S2R_C3.tif,10.267,255,255,255,2618.021,619650
63,MAX_20221219_46F_Gal4_cd8_GFP_GD_L3_S2R_C3.tif,1022.64,248.621,0,255,254249.739,60177450
64,MAX_20221219_46F_Gal4_cd8_GFP_GD_L3_S5L_C1.tif,14.378,248.031,0,255,3566.111,844050
65,MAX_20221219_46F_Gal4_cd8_GFP_GD_L3_S5L_C1.tif,6.853,241.48,0,255,1654.848,391680
66,MAX_20221219_46F_Gal4_cd8_GFP_GD_L3_S5L_C3.tif,6.811,254.842,0,255,1735.651,410805
67,MAX_20221219_46F_Gal4_cd8_GFP_GD_L3_S5L_C3.tif,95.375,253.26,0,255,24154.749,5717100
68,MAX_20221219_46F_Gal4_cd8_GFP_GD_L3_S5L_C3.tif,178.705,254.861,0,255,45544.953,10779870
69,MAX_20221219_46F_Gal4_cd8_GFP_GD_L4_S2L_C1.tif,9.109,254.527,0,255,2318.511,548760
70,MAX_20221219_46F_Gal4_cd8_GFP_GD_L4_S2L_C1.tif,89.684,252.465,0,255,22642.114,5359080
71,MAX_20221219_46F_Gal4_cd8_GFP_GD_L4_S2L_C1.tif,2.928,252.424,0,255,739.079,174930
72,MAX_20221219_46F_Gal4_cd8_GFP_GD_L4_S2L_C1.tif,3.583,254.699,0,255,912.537,215985
73,MAX_20221219_46F_Gal4_cd8_GFP_GD_L4_S2L_C1.tif,125.736,252.095,0,255,31697.451,7502355
74,MAX_20221219_46F_Gal4_cd8_GFP_GD_L4_S2L_C1.tif,2.708,253.807,0,255,687.365,162690
75,MAX_20221219_46F_Gal4_cd8_GFP_GD_L4_S2L_C3.tif,499.944,235.288,0,255,117631.041,27841665
76,MAX_20221219_46F_Gal4_cd8_GFP_GD_L4_S2L_C3.tif,2.446,243.109,0,255,594.711,140760
77,MAX_20221219_46F_Gal4_cd8_GFP_GD_L4_S2L_C3.tif,2.996,252.482,0,255,756.317,179010
78,MAX_20221219_46F_Gal4_cd8_GFP_GD_L4_S2L_C3.tif,6.443,255,255,255,1642.997,388875
79,MAX_20221219_46F_Gal4_cd8_GFP_GD_L4_S2L_C3.tif,253.462,248.48,0,255,62980.114,14906535
80,MAX_20221219_46F_Gal4_cd8_GFP_GD_L4_S2L_C3.tif,3.87,251.103,0,255,971.792,230010
81,MAX_20221219_46F_Gal4_cd8_GFP_GD_L4_S2L_C3.tif,2.341,255,255,255,596.866,141270
82,MAX_20221219_46F_Gal4_cd8_GFP_GD_L4_S3L_C1.tif,22.16,254.708,0,255,5644.368,1335945
83,MAX_20221219_46F_Gal4_cd8_GFP_GD_L4_S3L_C1.tif,69.772,254.305,0,255,17743.29,4199595
84,MAX_20221219_46F_Gal4_cd8_GFP_GD_L4_S3L_C3.tif,302.827,254.587,0,255,77095.881,18247545
85,MAX_20221219_46F_Gal4_cd8_GFP_GD_L4_S4L_C1.tif,22.891,254.247,0,255,5819.98,1377510
86,MAX_20221219_46F_Gal4_cd8_GFP_GD_L4_S4L_C1.tif,86.431,254.476,0,255,21994.612,5205825
87,MAX_20221219_46F_Gal4_cd8_GFP_GD_L4_S4L_C1.tif,2.691,254.6,0,255,685.211,162180
88,MAX_20221219_46F_Gal4_cd8_GFP_GD_L4_S4L_C3.tif,524.466,245.933,0,255,128983.341,30528600
89,MAX_20221219_46F_Gal4_cd8_GFP_GD_L4_S4R_C1.tif,18.772,253.106,0,255,4751.224,1124550
90,MAX_20221219_46F_Gal4_cd8_GFP_GD_L4_S4R_C1.tif,68.069,243.731,0,255,16590.498,3926745
91,MAX_20221219_46F_Gal4_cd8_GFP_GD_L4_S4R_C3.tif,11.251,254.904,0,255,2867.972,678810
92,MAX_20221219_46F_Gal4_cd8_GFP_GD_L4_S4R_C3.tif,419.91,252.973,0,255,106225.948,25142235
93,MAX_20221219_46F_Gal4_cd8_GFP_GD_L4_S4R_C3.tif,3.025,255,255,255,771.401,182580
94,MAX_20221219_46F_Gal4_cd8_GFP_GD_L4_S4R_C3.tif,8.856,255,255,255,2258.178,534480
95,MAX_20221219_46F_Gal4_cd8_GFP_GD_L4_S5L_C1.tif,3.321,255,255,255,846.817,200430
96,MAX_20221219_46F_Gal4_cd8_GFP_GD_L4_S5L_C1.tif,3.105,253.265,0,255,786.484,186150
97,MAX_20221219_46F_Gal4_cd8_GFP_GD_L4_S5L_C1.tif,12.231,249.01,0,255,3045.739,720885
98,MAX_20221219_46F_Gal4_cd8_GFP_GD_L4_S5L_C3.tif,380.077,251.525,0,255,95598.721,22626915
99,MAX_20221219_46F_Gal4_cd8_GFP_GD_L5_S3L_C1.tif,59.923,254.856,0,255,15271.791,3614625
100,MAX_20221219_46F_Gal4_cd8_GFP_GD_L5_S3L_C3.tif,125.068,253.751,0,255,31736.237,7511535
101,MAX_20221219_46F_Gal4_cd8_GFP_GD_L5_S3L_C3.tif,125.998,253.444,0,255,31933.397,7558200
102,MAX_20221219_46F_Gal4_cd8_GFP_control_L1_S2L_C1.tif,2.518,254.144,0,255,639.961,151470
103,MAX_20221219_46F_Gal4_cd8_GFP_control_L1_S2L_C1.tif,68.246,254.621,0,255,17376.982,4112895
104,MAX_20221219_46F_Gal4_cd8_GFP_control_L1_S2L_C1.tif,4.195,253.202,0,255,1062.292,251430
105,MAX_20221219_46F_Gal4_cd8_GFP_control_L1_S2L_C1.tif,2.049,252.897,0,255,518.217,122655
106,MAX_20221219_46F_Gal4_cd8_GFP_control_L1_S2L_C1.tif,107.045,253.651,0,255,27152.006,6426510
107,MAX_20221219_46F_Gal4_cd8_GFP_control_L1_S2L_C3.tif,5.34,252.983,0,255,1351.028,319770
108,MAX_20221219_46F_Gal4_cd8_GFP_control_L1_S2L_C3.tif,666.515,251.824,0,255,167844.26,39726450
109,MAX_20221219_46F_Gal4_cd8_GFP_control_L1_S2L_C3.tif,3.993,251.222,0,255,1003.036,237405
110,MAX_20221219_46F_Gal4_cd8_GFP_control_L1_S2L_C3.tif,7.55,252.717,0,255,1908.031,451605
111,MAX_20221219_46F_Gal4_cd8_GFP_control_L1_S2L_C3.tif,8.949,252.351,0,255,2258.178,534480
112,MAX_20221219_46F_Gal4_cd8_GFP_control_L1_S2L_C3.tif,3.274,255,255,255,834.966,197625
113,MAX_20221219_46F_Gal4_cd8_GFP_control_L1_S2L_C3.tif,2.374,255,255,255,605.485,143310
114,MAX_20221219_46F_Gal4_cd8_GFP_control_L1_S2R_C1.tif,140.469,249.808,0,255,35090.106,8305350
115,MAX_20221219_46F_Gal4_cd8_GFP_control_L1_S2R_C1.tif,6.709,253.555,0,255,1701.175,402645
116,MAX_20221219_46F_Gal4_cd8_GFP_control_L1_S2R_C1.tif,2.666,255,255,255,679.824,160905
117,MAX_20221219_46F_Gal4_cd8_GFP_control_L1_S2R_C3.tif,744.348,244.435,0,255,181944.944,43063890
118,MAX_20221219_46F_Gal4_cd8_GFP_control_L1_S2R_C3.tif,4.31,255,255,255,1098.923,260100
119,MAX_20221219_46F_Gal4_cd8_GFP_control_L1_S2R_C3.tif,3.693,255,255,255,941.626,222870
120,MAX_20221219_46F_Gal4_cd8_GFP_control_L1_S2R_C3.tif,5.995,254.461,0,255,1525.563,361080
121,MAX_20221219_46F_Gal4_cd8_GFP_control_L1_S2R_C3.tif,3.452,255,255,255,880.215,208335
122,MAX_20221219_46F_Gal4_cd8_GFP_control_L1_S2R_C3.tif,8.264,252.914,0,255,2090.108,494700
123,MAX_20221219_46F_Gal4_cd8_GFP_control_L1_S3L_C1.tif,15.725,253.904,0,255,3992.752,945030
124,MAX_20221219_46F_Gal4_cd8_GFP_control_L1_S3L_C1.tif,68.965,249.079,0,255,17177.668,4065720
125,MAX_20221219_46F_Gal4_cd8_GFP_control_L1_S3L_C3.tif,183.297,249.081,0,255,45655.923,10806135
126,MAX_20221219_46F_Gal4_cd8_GFP_control_L1_S3L_C3.tif,495.981,247.026,0,255,122520.169,28998855
127,MAX_20221219_46F_Gal4_cd8_GFP_control_L1_S3L_C3.tif,11.606,254.629,0,255,2955.24,699465
128,MAX_20221219_46F_Gal4_cd8_GFP_control_L1_S3L_C3.tif,4.622,252.669,0,255,1167.875,276420
129,MAX_20221219_46F_Gal4_cd8_GFP_control_L1_S3L_C3.tif,3.942,248.167,0,255,978.257,231540
130,MAX_20221219_46F_Gal4_cd8_GFP_control_L1_S3L_C3.tif,2.81,255,255,255,716.454,169575
131,MAX_20221219_46F_Gal4_cd8_GFP_control_L1_S3R_C1.tif,90.085,253.469,0,255,22833.887,5404470
132,MAX_20221219_46F_Gal4_cd8_GFP_control_L1_S3R_C3.tif,554.912,252.031,0,255,139855.133,33101805
133,MAX_20221219_46F_Gal4_cd8_GFP_control_L1_S3R_C3.tif,5.518,255,255,255,1407.052,333030
134,MAX_20221219_46F_Gal4_cd8_GFP_control_L1_S3R_C3.tif,3.621,249.347,0,255,902.84,213690
135,MAX_20221219_46F_Gal4_cd8_GFP_control_L1_S3R_C3.tif,14.196,254.013,0,255,3605.974,853485
136,MAX_20221219_46F_Gal4_cd8_GFP_control_L1_S3R_C3.tif,2.058,255,255,255,524.682,124185
137,MAX_20221219_46F_Gal4_cd8_GFP_control_L1_S4R_C1.tif,11.564,253.137,0,255,2927.228,692835
138,MAX_20221219_46F_Gal4_cd8_GFP_control_L1_S4R_C1.tif,32.976,254.706,0,255,8399.216,1987980
139,MAX_20221219_46F_Gal4_cd8_GFP_control_L1_S4R_C3.tif,444.931,248.782,0,255,110690.59,26198955
140,MAX_20221219_46F_Gal4_cd8_GFP_control_L1_S4R_C3.tif,17.132,253.805,0,255,4348.286,1029180
141,MAX_20221219_46F_Gal4_cd8_GFP_control_L1_S4R_C3.tif,13.926,252.988,0,255,3523.016,833850
142,MAX_20221219_46F_Gal4_cd8_GFP_control_L1_S4R_C3.tif,9.806,255,255,255,2500.588,591855
143,MAX_20221219_46F_Gal4_cd8_GFP_control_L1_S5L_C1.tif,8.678,252.889,0,255,2194.613,519435
144,MAX_20221219_46F_Gal4_cd8_GFP_control_L1_S5L_C1.tif,52.673,243.73,0,255,12838.001,3038580
145,MAX_20221219_46F_Gal4_cd8_GFP_control_L1_S5L_C3.tif,369.675,238.566,0,255,88191.767,20873790
146,MAX_20221219_46F_Gal4_cd8_GFP_control_L2_S2L_C1.tif,337.983,252.648,0,255,85390.592,20210790
147,MAX_20221219_46F_Gal4_cd8_GFP_control_L2_S2L_C3.tif,1067.712,248.919,0,255,265774.42,62905185
148,MAX_20221219_46F_Gal4_cd8_GFP_control_L2_S2L_C3.tif,2.18,255,255,255,555.926,131580
149,MAX_20221219_46F_Gal4_cd8_GFP_control_L2_S2L_C3.tif,2.227,255,255,255,567.777,134385
150,MAX_20221219_46F_Gal4_cd8_GFP_control_L2_S3L_C1.tif,2.835,255,255,255,722.919,171105
151,MAX_20221219_46F_Gal4_cd8_GFP_control_L2_S3L_C1.tif,23.859,255,255,255,6083.937,1439985
152,MAX_20221219_46F_Gal4_cd8_GFP_control_L2_S3L_C1.tif,77.837,255,255,255,19848.481,4697865
153,MAX_20221219_46F_Gal4_cd8_GFP_control_L2_S3L_C3.tif,226.549,234.27,0,255,53073.65,12561810
154,MAX_20221219_46F_Gal4_cd8_GFP_control_L2_S3L_C3.tif,8.518,236.027,0,255,2010.382,475830
155,MAX_20221219_46F_Gal4_cd8_GFP_control_L2_S3L_C3.tif,340.801,252.247,0,255,85965.91,20346960
156,MAX_20221219_46F_Gal4_cd8_GFP_control_L2_S3L_C3.tif,2.683,246.567,0,255,661.508,156570
157,MAX_20221219_46F_Gal4_cd8_GFP_control_L2_S4L_C1.tif,111.312,255,255,255,28384.523,6718230
158,MAX_20221219_46F_Gal4_cd8_GFP_control_L2_S4L_C3.tif,416.805,253.829,0,255,105797.153,25040745
159,MAX_20221219_46F_Gal4_cd8_GFP_control_L2_S4L_C3.tif,3.38,255,255,255,861.9,204000
160,MAX_20221219_46F_Gal4_cd8_GFP_control_L2_S4L_C3.tif,6.371,255,255,255,1624.682,384540
161,MAX_20221219_46F_Gal4_cd8_GFP_control_L2_S5L_C1.tif,52.758,254.98,0,255,13452.105,3183930
162,MAX_20221219_46F_Gal4_cd8_GFP_control_L2_S5L_C3.tif,372.535,253.447,0,255,94417.918,22347435
163,MAX_20221219_46F_Gal4_cd8_GFP_control_L2_S5L_C3.tif,5.535,244.878,0,255,1355.338,320790
164,MAX_20221219_46F_Gal4_cd8_GFP_control_L3_S2L_C1.tif,29.178,248.206,0,255,7242.115,1714110
165,MAX_20221219_46F_Gal4_cd8_GFP_control_L3_S2L_C3.tif,57.346,250.961,0,255,14391.576,3406290
166,MAX_20221219_46F_Gal4_cd8_GFP_control_L3_S2L_C3.tif,191.676,247.721,0,255,47482.073,11238360
167,MAX_20221219_46F_Gal4_cd8_GFP_control_L3_S2L_C3.tif,43.243,246.33,0,255,10652.007,2521185
168,MAX_20221219_46F_Gal4_cd8_GFP_control_L3_S2L_C3.tif,2.459,255,255,255,627.032,148410
169,MAX_20221219_46F_Gal4_cd8_GFP_control_L3_S2L_C3.tif,5.712,255,255,255,1456.611,344760
170,MAX_20221219_46F_Gal4_cd8_GFP_control_L3_S2R_C1.tif,28.751,254.813,0,255,7326.15,1734000
171,MAX_20221219_46F_Gal4_cd8_GFP_control_L3_S2R_C1.tif,100.547,254.336,0,255,25572.574,6052680
172,MAX_20221219_46F_Gal4_cd8_GFP_control_L3_S2R_C3.tif,3.072,252.545,0,255,775.71,183600
173,MAX_20221219_46F_Gal4_cd8_GFP_control_L3_S2R_C3.tif,408.186,253.287,0,255,103388.142,24470565
174,MAX_20221219_46F_Gal4_cd8_GFP_control_L3_S2R_C3.tif,3.71,255,255,255,945.935,223890
175,MAX_20221219_46F_Gal4_cd8_GFP_control_L3_S2R_C3.tif,2.56,255,255,255,652.889,154530
176,MAX_20221219_46F_Gal4_cd8_GFP_control_L3_S2R_C3.tif,2.843,251.59,0,255,715.377,169320
177,MAX_20221219_46F_Gal4_cd8_GFP_control_L3_S3L_C1.tif,9.426,250.542,0,255,2361.606,558960
178,MAX_20221219_46F_Gal4_cd8_GFP_control_L3_S3L_C1.tif,19.883,251.532,0,255,5001.175,1183710
179,MAX_20221219_46F_Gal4_cd8_GFP_control_L3_S3L_C3.tif,3.984,255,255,255,1015.965,240465
180,MAX_20221219_46F_Gal4_cd8_GFP_control_L3_S3L_C3.tif,109.74,254.028,0,255,27877.08,6598125
181,MAX_20221219_46F_Gal4_cd8_GFP_control_L3_S3L_C3.tif,4.128,250.563,0,255,1034.28,244800
182,MAX_20221219_46F_Gal4_cd8_GFP_control_L3_S3L_C3.tif,92.937,254.374,0,255,23640.841,5595465
183,MAX_20221219_46F_Gal4_cd8_GFP_control_L3_S3L_C3.tif,6.299,253.974,0,255,1599.902,378675
184,MAX_20221219_46F_Gal4_cd8_GFP_control_L3_S3L_C3.tif,4.069,254.735,0,255,1036.435,245310
185,MAX_20221219_46F_Gal4_cd8_GFP_control_L3_S3L_C3.tif,2.121,255,255,255,540.842,128010
186,MAX_20221219_46F_Gal4_cd8_GFP_control_L3_S3L_C3.tif,8.311,254.481,0,255,2114.887,500565
187,MAX_20221219_46F_Gal4_cd8_GFP_control_L3_S3L_C3.tif,7.466,254.423,0,255,1899.412,449565
188,MAX_20221219_46F_Gal4_cd8_GFP_control_L3_S3L_C3.tif,2.315,244.763,0,255,566.699,134130
189,MAX_20221219_46F_Gal4_cd8_GFP_control_L3_S4L_C1.tif,45.106,253.185,0,255,11420.176,2703000
190,MAX_20221219_46F_Gal4_cd8_GFP_control_L3_S4L_C3.tif,288.377,249.96,0,255,72082.855,17061030
191,MAX_20221219_46F_Gal4_cd8_GFP_control_L3_S4R_C1.tif,25.092,255,255,255,6398.53,1514445
192,MAX_20221219_46F_Gal4_cd8_GFP_control_L3_S4R_C3.tif,24.86,255,255,255,6339.275,1500420
193,MAX_20221219_46F_Gal4_cd8_GFP_control_L3_S4R_C3.tif,149.742,245.172,0,255,36712.632,8689380
194,MAX_20221219_46F_Gal4_cd8_GFP_control_L3_S4R_C3.tif,3.688,255,255,255,940.548,222615
195,MAX_20221219_46F_Gal4_cd8_GFP_control_L3_S4R_C3.tif,6.435,246.461,0,255,1585.896,375360
196,MAX_20221219_46F_Gal4_cd8_GFP_control_L3_S4R_C3.tif,9.029,252.136,0,255,2276.493,538815
197,MAX_20221219_46F_Gal4_cd8_GFP_control_L3_S5L_C1.tif,56.163,254.866,0,255,14314.005,3387930
198,MAX_20221219_46F_Gal4_cd8_GFP_control_L3_S5L_C3.tif,360.528,254.552,0,255,91772.962,21721410
199,MAX_20221219_46F_Gal4_cd8_GFP_control_L3_S5L_C3.tif,3.038,255,255,255,774.633,183345
200,MAX_20221219_46F_Gal4_cd8_GFP_control_L3_S5L_C3.tif,2.455,255,255,255,625.955,148155
201,MAX_20221219_46F_Gal4_cd8_GFP_control_L3_S5R_C1.tif,8.754,255,255,255,2232.321,528360
202,MAX_20221219_46F_Gal4_cd8_GFP_control_L3_S5R_C3.tif,207.3,253.456,0,255,52541.427,12435840
203,MAX_20221219_46F_Gal4_cd8_GFP_control_L4_S2L_C1.tif,4.191,251.915,0,255,1055.828,249900
204,MAX_20221219_46F_Gal4_cd8_GFP_control_L4_S2L_C1.tif,4.381,254.262,0,255,1114.006,263670
205,MAX_20221219_46F_Gal4_cd8_GFP_control_L4_S2L_C1.tif,25.054,252.979,0,255,6338.197,1500165
206,MAX_20221219_46F_Gal4_cd8_GFP_control_L4_S2L_C3.tif,203.265,250.845,0,255,50987.852,12068130
207,MAX_20221219_46F_Gal4_cd8_GFP_control_L4_S2L_C3.tif,5.628,244.854,0,255,1377.963,326145
208,MAX_20221219_46F_Gal4_cd8_GFP_control_L4_S2L_C3.tif,330.796,233.143,0,255,77122.816,18253920
209,MAX_20221219_46F_Gal4_cd8_GFP_control_L4_S2L_C3.tif,6.616,255,255,255,1687.169,399330
210,MAX_20221219_46F_Gal4_cd8_GFP_control_L4_S2L_C3.tif,2.113,255,255,255,538.688,127500
211,MAX_20221219_46F_Gal4_cd8_GFP_control_L4_S2L_C3.tif,7.453,255,255,255,1900.49,449820
212,MAX_20221219_46F_Gal4_cd8_GFP_control_L4_S2L_C3.tif,3.16,255,255,255,805.877,190740
213,MAX_20221219_46F_Gal4_cd8_GFP_control_L4_S2L_C3.tif,2.501,233.894,0,255,585.015,138465
214,MAX_20221219_46F_Gal4_cd8_GFP_control_L4_S2L_C3.tif,268.545,254.39,0,255,68315.275,16169295
215,MAX_20221219_46F_Gal4_cd8_GFP_control_L4_S2L_C3.tif,8.568,255,255,255,2184.917,517140
216,MAX_20221219_46F_Gal4_cd8_GFP_control_L4_S2L_C3.tif,3.477,255,255,255,886.68,209865
217,MAX_20221219_46F_Gal4_cd8_GFP_control_L4_S2L_C3.tif,6.95,255,255,255,1772.282,419475
218,MAX_20221219_46F_Gal4_cd8_GFP_control_L4_S2L_C3.tif,2.472,254.564,0,255,629.187,148920
219,MAX_20221219_46F_Gal4_cd8_GFP_control_L4_S2R_C1.tif,27.065,252.89,0,255,6844.564,1620015
220,MAX_20221219_46F_Gal4_cd8_GFP_control_L4_S2R_C1.tif,5.611,254.424,0,255,1427.522,337875
221,MAX_20221219_46F_Gal4_cd8_GFP_control_L4_S2R_C1.tif,285.318,253.218,0,255,72247.694,17100045
222,MAX_20221219_46F_Gal4_cd8_GFP_control_L4_S2R_C3.tif,14.141,254.924,0,255,3604.897,853230
223,MAX_20221219_46F_Gal4_cd8_GFP_control_L4_S2R_C3.tif,11.095,255,255,255,2829.187,669630
224,MAX_20221219_46F_Gal4_cd8_GFP_control_L4_S2R_C3.tif,63.878,253.752,0,255,16209.108,3836475
225,MAX_20221219_46F_Gal4_cd8_GFP_control_L4_S2R_C3.tif,1174.516,244.631,0,255,287322.998,68005440
226,MAX_20221219_46F_Gal4_cd8_GFP_control_L4_S2R_C3.tif,4.17,255,255,255,1063.369,251685
227,MAX_20221219_46F_Gal4_cd8_GFP_control_L4_S2R_C3.tif,3.895,255,255,255,993.34,235110
228,MAX_20221219_46F_Gal4_cd8_GFP_control_L4_S2R_C3.tif,8.049,255,255,255,2052.399,485775
229,MAX_20221219_46F_Gal4_cd8_GFP_control_L4_S2R_C3.tif,8.868,255,255,255,2261.41,535245
230,MAX_20221219_46F_Gal4_cd8_GFP_control_L4_S2R_C3.tif,3.95,255,255,255,1007.346,238425
231,MAX_20221219_46F_Gal4_cd8_GFP_control_L4_S2R_C3.tif,7.352,255,255,255,1874.633,443700
232,MAX_20221219_46F_Gal4_cd8_GFP_control_L4_S3L_C1.tif,82.586,252.834,0,255,20880.606,4942155
233,MAX_20221219_46F_Gal4_cd8_GFP_control_L4_S3L_C1.tif,3.097,254.304,0,255,787.561,186405
234,MAX_20221219_46F_Gal4_cd8_GFP_control_L4_S3L_C3.tif,12.438,255,255,255,3171.792,750720
235,MAX_20221219_46F_Gal4_cd8_GFP_control_L4_S3L_C3.tif,606.296,251.217,0,255,152311.743,36050115
236,MAX_20221219_46F_Gal4_cd8_GFP_control_L4_S3L_C3.tif,8.247,255,255,255,2103.036,497760
237,MAX_20221219_46F_Gal4_cd8_GFP_control_L4_S3L_C3.tif,4.753,255,255,255,1212.047,286875
238,MAX_20221219_46F_Gal4_cd8_GFP_control_L4_S3L_C3.tif,34.924,254.877,0,255,8901.273,2106810
239,MAX_20221219_46F_Gal4_cd8_GFP_control_L4_S3L_C3.tif,7.597,253.156,0,255,1923.114,455175
240,MAX_20221219_46F_Gal4_cd8_GFP_control_L4_S3R_C1.tif,9.384,252.819,0,255,2372.38,561510
241,MAX_20221219_46F_Gal4_cd8_GFP_control_L4_S3R_C1.tif,20.022,254.623,0,255,5098.139,1206660
242,MAX_20221219_46F_Gal4_cd8_GFP_control_L4_S3R_C1.tif,6.549,255,255,255,1669.931,395250
243,MAX_20221219_46F_Gal4_cd8_GFP_control_L4_S3R_C1.tif,17.356,250.903,0,255,4354.75,1030710
244,MAX_20221219_46F_Gal4_cd8_GFP_control_L4_S3R_C3.tif,2.953,255,255,255,753.085,178245
245,MAX_20221219_46F_Gal4_cd8_GFP_control_L4_S3R_C3.tif,11.277,255,255,255,2875.514,680595
246,MAX_20221219_46F_Gal4_cd8_GFP_control_L4_S3R_C3.tif,252.761,251.628,0,255,63601.759,15053670
247,MAX_20221219_46F_Gal4_cd8_GFP_control_L4_S3R_C3.tif,3.046,255,255,255,776.787,183855
248,MAX_20221219_46F_Gal4_cd8_GFP_control_L4_S3R_C3.tif,2.049,255,255,255,522.527,123675
249,MAX_20221219_46F_Gal4_cd8_GFP_control_L4_S3R_C3.tif,267.789,250.751,0,255,67148.478,15893130
250,MAX_20221219_46F_Gal4_cd8_GFP_control_L4_S3R_C3.tif,124.963,254.707,0,255,31828.891,7533465
251,MAX_20221219_46F_Gal4_cd8_GFP_control_L4_S3R_C3.tif,2.687,255,255,255,685.211,162180
252,MAX_20221219_46F_Gal4_cd8_GFP_control_L4_S3R_C3.tif,2.936,255,255,255,748.776,177225
253,MAX_20221219_46F_Gal4_cd8_GFP_control_L4_S3R_C3.tif,2.083,244.138,0,255,508.521,120360
254,MAX_20221219_46F_Gal4_cd8_GFP_control_L4_S3R_C3.tif,12.734,253.139,0,255,3223.506,762960
255,MAX_20221219_46F_Gal4_cd8_GFP_control_L4_S4R_C1.tif,12.612,252.95,0,255,3190.108,755055
256,MAX_20221219_46F_Gal4_cd8_GFP_control_L4_S4R_C1.tif,167.851,254.14,0,255,42657.588,10096470
257,MAX_20221219_46F_Gal4_cd8_GFP_control_L4_S4R_C1.tif,11.023,251.677,0,255,2774.241,656625
258,MAX_20221219_46F_Gal4_cd8_GFP_control_L4_S4R_C1.tif,3.541,254.087,0,255,899.608,212925
259,MAX_20221219_46F_Gal4_cd8_GFP_control_L4_S4R_C3.tif,3.781,255,255,255,964.251,228225
260,MAX_20221219_46F_Gal4_cd8_GFP_control_L4_S4R_C3.tif,505.454,253.751,0,255,128259.345,30357240
261,MAX_20221219_46F_Gal4_cd8_GFP_control_L4_S4R_C3.tif,29.165,253.781,0,255,7401.567,1751850
262,MAX_20221219_46F_Gal4_cd8_GFP_control_L4_S4R_C3.tif,37.666,253.169,0,255,9535.847,2257005
263,MAX_20221219_46F_Gal4_cd8_GFP_control_L4_S5R_C1.tif,13.064,252.691,0,255,3301.077,781320
264,MAX_20221219_46F_Gal4_cd8_GFP_control_L4_S5R_C1.tif,16.199,253.603,0,255,4108.031,972315
265,MAX_20221219_46F_Gal4_cd8_GFP_control_L4_S5R_C1.tif,59.83,254.856,0,255,15248.089,3609015
266,MAX_20221219_46F_Gal4_cd8_GFP_control_L4_S5R_C1.tif,2.117,253.982,0,255,537.61,127245
267,MAX_20221219_46F_Gal4_cd8_GFP_control_L4_S5R_C1.tif,2.096,254.486,0,255,533.301,126225
268,MAX_20221219_46F_Gal4_cd8_GFP_control_L4_S5R_C3.tif,374.06,254.651,0,255,95255.038,22545570
269,MAX_20221219_46F_Gal4_cd8_GFP_control_L5_S2L_C1.tif,175.654,252.97,0,255,44435.257,10517220
270,MAX_20221219_46F_Gal4_cd8_GFP_control_L5_S2L_C3.tif,515.057,252.076,0,255,129833.39,30729795
271,MAX_20221219_46F_Gal4_cd8_GFP_control_L5_S2L_C3.tif,2.265,251.194,0,255,568.854,134640
272,MAX_20221219_46F_Gal4_cd8_GFP_control_L5_S2R_C1.tif,4.614,254.299,0,255,1173.261,277695
273,MAX_20221219_46F_Gal4_cd8_GFP_control_L5_S2R_C1.tif,21.281,254.949,0,255,5425.661,1284180
274,MAX_20221219_46F_Gal4_cd8_GFP_control_L5_S2R_C1.tif,80.981,252.565,0,255,20452.888,4840920
275,MAX_20221219_46F_Gal4_cd8_GFP_control_L5_S2R_C1.tif,6.714,255,255,255,1711.949,405195
276,MAX_20221219_46F_Gal4_cd8_GFP_control_L5_S2R_C1.tif,17.094,251.975,0,255,4307.345,1019490
277,MAX_20221219_46F_Gal4_cd8_GFP_control_L5_S2R_C3.tif,428.542,254.683,0,255,109142.402,25832520
278,MAX_20221219_46F_Gal4_cd8_GFP_control_L5_S3L_C1.tif,198.905,253.96,0,255,50513.807,11955930
279,MAX_20221219_46F_Gal4_cd8_GFP_control_L5_S3L_C1.tif,2.67,254.193,0,255,678.746,160650
280,MAX_20221219_46F_Gal4_cd8_GFP_control_L5_S3L_C3.tif,442.966,253.096,0,255,112112.725,26535555
281,MAX_20221219_46F_Gal4_cd8_GFP_control_L5_S3L_C3.tif,2.869,254.249,0,255,729.383,172635
282,MAX_20221219_46F_Gal4_cd8_GFP_control_L5_S3L_C3.tif,2.987,255,255,255,761.704,180285
283,MAX_20221219_46F_Gal4_cd8_GFP_control_L5_S3R_C1.tif,40.89,254.552,0,255,10408.52,2463555
284,MAX_20221219_46F_Gal4_cd8_GFP_control_L5_S3R_C1.tif,3.004,248.903,0,255,747.698,176970
285,MAX_20221219_46F_Gal4_cd8_GFP_control_L5_S3R_C1.tif,2.738,247.13,0,255,676.592,160140
286,MAX_20221219_46F_Gal4_cd8_GFP_control_L5_S3R_C3.tif,2.024,254.468,0,255,514.985,121890
287,MAX_20221219_46F_Gal4_cd8_GFP_control_L5_S3R_C3.tif,297.034,254.47,0,255,75586.479,17890290
288,MAX_20221219_46F_Gal4_cd8_GFP_control_L5_S3R_C3.tif,2.894,237.876,0,255,688.443,162945
289,MAX_20221219_46F_Gal4_cd8_GFP_control_L5_S4L_C1.tif,18.945,253.806,0,255,4808.325,1138065
290,MAX_20221219_46F_Gal4_cd8_GFP_control_L5_S4L_C1.tif,42.592,254.621,0,255,10844.857,2566830
291,MAX_20221219_46F_Gal4_cd8_GFP_control_L5_S4L_C1.tif,51.541,251.342,0,255,12954.358,3066120
292,MAX_20221219_46F_Gal4_cd8_GFP_control_L5_S4L_C3.tif,12.016,254.731,0,255,3060.823,724455
293,MAX_20221219_46F_Gal4_cd8_GFP_control_L5_S4L_C3.tif,101.924,238.605,0,255,24319.587,5756115
294,MAX_20221219_46F_Gal4_cd8_GFP_control_L5_S4L_C3.tif,167.01,254.877,0,255,42567.088,10075050
295,MAX_20221219_46F_Gal4_cd8_GFP_control_L5_S4R_C1.tif,11.851,255,255,255,3022.037,715275
296,MAX_20221219_46F_Gal4_cd8_GFP_control_L5_S4R_C1.tif,67.587,247.109,0,255,16701.468,3953010
297,MAX_20221219_46F_Gal4_cd8_GFP_control_L5_S4R_C3.tif,309.777,254.746,0,255,78914.491,18677985
298,MAX_20221219_46F_Gal4_cd8_GFP_control_L5_S5L_C1.tif,27.644,255,255,255,7049.265,1668465
299,MAX_20221219_46F_Gal4_cd8_GFP_control_L5_S5L_C1.tif,2.311,249.406,0,255,576.396,136425
300,MAX_20221219_46F_Gal4_cd8_GFP_control_L5_S5L_C3.tif,12.219,253.237,0,255,3094.221,732360
301,MAX_20221219_46F_Gal4_cd8_GFP_control_L5_S5L_C3.tif,210.075,246.728,0,255,51831.436,12267795
302,MAX_20221219_46F_Gal4_cd8_GFP_control_L5_S5R_C1.tif,125.368,253.109,0,255,31731.927,7510515
303,MAX_20221219_46F_Gal4_cd8_GFP_control_L5_S5R_C3.tif,396.833,254.821,0,255,101121.345,23934045
304,MAX_20221219_46F_Gal4_cd8_GFP_control_L5_S5R_C3.tif,3.481,251.596,0,255,875.906,207315
305,MAX_20221219_46F_Gal4_cd8_GFP_control_L5_S5R_C3.tif,7.833,255,255,255,1997.453,472770
306,MAX_20221220_46F_Gal4_cd8_GFP_GD_L5_S2R_C1.tif,269.893,254.613,0,255,68718.213,16264665
307,MAX_20221220_46F_Gal4_cd8_GFP_GD_L5_S2R_C1.tif,3.743,255,255,255,954.554,225930
308,MAX_20221220_46F_Gal4_cd8_GFP_GD_L5_S2R_C1.tif,44.967,255,255,255,11466.503,2713965
309,MAX_20221220_46F_Gal4_cd8_GFP_GD_L5_S2R_C1.tif,9.658,251.319,0,255,2427.326,574515
310,MAX_20221220_46F_Gal4_cd8_GFP_GD_L5_S2R_C1.tif,15.028,254.857,0,255,3830.068,906525
311,MAX_20221220_46F_Gal4_cd8_GFP_GD_L5_S2R_C1.tif,5.188,254.792,0,255,1321.939,312885
312,MAX_20221220_46F_Gal4_cd8_GFP_GD_L5_S2R_C3.tif,599.84,239.403,0,255,143603.321,33988950
313,MAX_20221220_46F_Gal4_cd8_GFP_GD_L5_S2R_C3.tif,2.843,255,255,255,725.073,171615
314,MAX_20221220_46F_Gal4_cd8_GFP_GD_L5_S2R_C3.tif,5.083,255,255,255,1296.082,306765
315,MAX_20221220_46F_Gal4_cd8_GFP_GD_L5_S2R_C3.tif,78.201,239.68,0,255,18743.094,4436235
316,MAX_20221220_46F_Gal4_cd8_GFP_GD_L5_S3R_C1.tif,197.738,251.753,0,255,49781.192,11782530
317,MAX_20221220_46F_Gal4_cd8_GFP_GD_L5_S3R_C3.tif,467.868,236.578,0,255,110687.358,26198190
318,MAX_20221220_46F_Gal4_cd8_GFP_GD_L5_S3R_C3.tif,2.734,255,255,255,697.062,164985
319,MAX_20221220_46F_Gal4_cd8_GFP_GD_L5_S3R_C3.tif,125.018,229.224,0,255,28657.099,6782745
320,MAX_20221220_46F_Gal4_cd8_GFP_GD_L5_S4R_C1.tif,41.582,254.508,0,255,10583.055,2504865
321,MAX_20221220_46F_Gal4_cd8_GFP_GD_L5_S4R_C3.tif,213.189,254.636,0,255,54285.697,12848685
322,MAX_20221220_46F_Gal4_cd8_GFP_GD_L6_S2L_C1.tif,15.223,254.009,0,255,3866.699,915195
323,MAX_20221220_46F_Gal4_cd8_GFP_GD_L6_S2L_C1.tif,17.83,253.973,0,255,4528.207,1071765
324,MAX_20221220_46F_Gal4_cd8_GFP_GD_L6_S2L_C1.tif,14.602,245.408,0,255,3583.349,848130
325,MAX_20221220_46F_Gal4_cd8_GFP_GD_L6_S2L_C1.tif,61.981,252.236,0,255,15633.789,3700305
326,MAX_20221220_46F_Gal4_cd8_GFP_GD_L6_S2L_C1.tif,2.028,255,255,255,517.14,122400
327,MAX_20221220_46F_Gal4_cd8_GFP_GD_L6_S2L_C1.tif,2.205,249.626,0,255,550.539,130305
328,MAX_20221220_46F_Gal4_cd8_GFP_GD_L6_S2L_C3.tif,845.883,230.905,0,255,195318.401,46229205
329,MAX_20221220_46F_Gal4_cd8_GFP_GD_L6_S2L_C3.tif,5.602,254.423,0,255,1425.367,337365
330,MAX_20221220_46F_Gal4_cd8_GFP_GD_L6_S2L_C3.tif,24.387,255,255,255,6218.609,1471860
331,MAX_20221220_46F_Gal4_cd8_GFP_GD_L6_S2L_C3.tif,2.193,250.578,0,255,549.461,130050
332,MAX_20221220_46F_Gal4_cd8_GFP_GD_L6_S2L_C3.tif,4.871,255,255,255,1242.213,294015
333,MAX_20221220_46F_Gal4_cd8_GFP_GD_L6_S2R_C1.tif,8.851,254.635,0,255,2253.869,533460
334,MAX_20221220_46F_Gal4_cd8_GFP_GD_L6_S2R_C1.tif,5.995,253.922,0,255,1522.331,360315
335,MAX_20221220_46F_Gal4_cd8_GFP_GD_L6_S2R_C1.tif,143.608,254.31,0,255,36520.86,8643990
336,MAX_20221220_46F_Gal4_cd8_GFP_GD_L6_S2R_C1.tif,7.867,253.083,0,255,1990.989,471240
337,MAX_20221220_46F_Gal4_cd8_GFP_GD_L6_S2R_C1.tif,3.714,253.549,0,255,941.626,222870
338,MAX_20221220_46F_Gal4_cd8_GFP_GD_L6_S2R_C3.tif,4.812,255,255,255,1227.13,290445
339,MAX_20221220_46F_Gal4_cd8_GFP_GD_L6_S2R_C3.tif,3.308,255,255,255,843.585,199665
340,MAX_20221220_46F_Gal4_cd8_GFP_GD_L6_S2R_C3.tif,2.007,255,255,255,511.753,121125
341,MAX_20221220_46F_Gal4_cd8_GFP_GD_L6_S2R_C3.tif,3.443,255,255,255,878.061,207825
342,MAX_20221220_46F_Gal4_cd8_GFP_GD_L6_S2R_C3.tif,8.522,255,255,255,2173.065,514335
343,MAX_20221220_46F_Gal4_cd8_GFP_GD_L6_S2R_C3.tif,4.618,255,255,255,1177.571,278715
344,MAX_20221220_46F_Gal4_cd8_GFP_GD_L6_S2R_C3.tif,3.439,255,255,255,876.983,207570
345,MAX_20221220_46F_Gal4_cd8_GFP_GD_L6_S2R_C3.tif,557.514,250.832,0,255,139842.205,33098745
346,MAX_20221220_46F_Gal4_cd8_GFP_GD_L6_S2R_C3.tif,4.457,255,255,255,1136.631,269025
347,MAX_20221220_46F_Gal4_cd8_GFP_GD_L6_S2R_C3.tif,4.267,255,255,255,1088.149,257550
348,MAX_20221220_46F_Gal4_cd8_GFP_GD_L6_S2R_C3.tif,210.337,250.697,0,255,52731.045,12480720
349,MAX_20221220_46F_Gal4_cd8_GFP_GD_L6_S2R_C3.tif,2.062,254.477,0,255,524.682,124185
350,MAX_20221220_46F_Gal4_cd8_GFP_GD_L6_S3L_C1.tif,181.155,245.419,0,255,44458.959,10522830
351,MAX_20221220_46F_Gal4_cd8_GFP_GD_L6_S3L_C3.tif,533.567,251.369,0,255,134122.42,31744950
352,MAX_20221220_46F_Gal4_cd8_GFP_GD_L6_S3R_C1.tif,66.683,252.447,0,255,16833.985,3984375
353,MAX_20221220_46F_Gal4_cd8_GFP_GD_L6_S3R_C3.tif,27.893,254.923,0,255,7110.675,1683000
354,MAX_20221220_46F_Gal4_cd8_GFP_GD_L6_S3R_C3.tif,5.057,255,255,255,1289.618,305235
355,MAX_20221220_46F_Gal4_cd8_GFP_GD_L6_S3R_C3.tif,2.205,255,255,255,562.39,133110
356,MAX_20221220_46F_Gal4_cd8_GFP_GD_L6_S3R_C3.tif,388.979,244.746,0,255,95201.169,22532820
357,MAX_20221220_46F_Gal4_cd8_GFP_GD_L6_S3R_C3.tif,4.014,255,255,255,1023.506,242250
358,MAX_20221220_46F_Gal4_cd8_GFP_GD_L6_S4L_C1.tif,3.393,254.365,0,255,862.977,204255
359,MAX_20221220_46F_Gal4_cd8_GFP_GD_L6_S4L_C1.tif,172.122,247.783,0,255,42648.969,10094430
360,MAX_20221220_46F_Gal4_cd8_GFP_GD_L6_S4L_C3.tif,4.631,255,255,255,1180.803,279480
361,MAX_20221220_46F_Gal4_cd8_GFP_GD_L6_S4L_C3.tif,6.207,255,255,255,1582.664,374595
362,MAX_20221220_46F_Gal4_cd8_GFP_GD_L6_S4L_C3.tif,503.32,253.544,0,255,127613.998,30204495
363,MAX_20221220_46F_Gal4_cd8_GFP_GD_L6_S4L_C3.tif,7.575,255,255,255,1931.733,457215
364,MAX_20221220_46F_Gal4_cd8_GFP_GD_L6_S4L_C3.tif,74.504,254.957,0,255,18995.2,4495905
365,MAX_20221220_46F_Gal4_cd8_GFP_KK_L1_S2L_C1.tif,143.726,252.924,0,255,36351.712,8603955
366,MAX_20221220_46F_Gal4_cd8_GFP_KK_L1_S2L_C3.tif,541.163,252.685,0,255,136743.674,32365365
367,MAX_20221220_46F_Gal4_cd8_GFP_KK_L1_S2L_C3.tif,3.325,255,255,255,847.894,200685
368,MAX_20221220_46F_Gal4_cd8_GFP_KK_L1_S2L_C3.tif,5.269,255,255,255,1343.487,317985
369,MAX_20221220_46F_Gal4_cd8_GFP_KK_L1_S2R_C1.tif,161.437,253.785,0,255,40970.419,9697140
370,MAX_20221220_46F_Gal4_cd8_GFP_KK_L1_S2R_C3.tif,2.328,255,255,255,593.634,140505
371,MAX_20221220_46F_Gal4_cd8_GFP_KK_L1_S2R_C3.tif,530.043,238.436,0,255,126381.481,29912775
372,MAX_20221220_46F_Gal4_cd8_GFP_KK_L1_S2R_C3.tif,7.88,253.769,0,255,1999.608,473280
373,MAX_20221220_46F_Gal4_cd8_GFP_KK_L1_S2R_C3.tif,3.895,255,255,255,993.34,235110
374,MAX_20221220_46F_Gal4_cd8_GFP_KK_L1_S2R_C3.tif,2.053,254.475,0,255,522.527,123675
375,MAX_20221220_46F_Gal4_cd8_GFP_KK_L1_S3L_C1.tif,44.878,255,255,255,11443.878,2708610
376,MAX_20221220_46F_Gal4_cd8_GFP_KK_L1_S3L_C1.tif,95.726,245.951,0,255,23543.877,5572515
377,MAX_20221220_46F_Gal4_cd8_GFP_KK_L1_S3L_C3.tif,157.762,254.522,0,255,40153.768,9503850
378,MAX_20221220_46F_Gal4_cd8_GFP_KK_L1_S3L_C3.tif,230.668,254.351,0,255,58670.613,13886535
379,MAX_20221220_46F_Gal4_cd8_GFP_KK_L1_S3R_C1.tif,72.742,254.778,0,255,18533.006,4386510
380,MAX_20221220_46F_Gal4_cd8_GFP_KK_L1_S3R_C3.tif,321.058,251.322,0,255,80688.927,19097970
381,MAX_20221220_46F_Gal4_cd8_GFP_KK_L1_S4L_C3.tif,52.031,254.586,0,255,13246.326,3135225
382,MAX_20221220_46F_Gal4_cd8_GFP_KK_L1_S4L_C3.tif,54.862,255,255,255,13989.715,3311175
383,MAX_20221220_46F_Gal4_cd8_GFP_KK_L1_S4R_C1.tif,15.683,255,255,255,3999.216,946560
384,MAX_20221220_46F_Gal4_cd8_GFP_KK_L1_S4R_C1.tif,17.487,254.754,0,255,4454.946,1054425
385,MAX_20221220_46F_Gal4_cd8_GFP_KK_L1_S4R_C1.tif,2.489,255,255,255,634.574,150195
386,MAX_20221220_46F_Gal4_cd8_GFP_KK_L1_S4R_C3.tif,94.97,254.535,0,255,24173.064,5721435
387,MAX_20221220_46F_Gal4_cd8_GFP_KK_L1_S4R_C3.tif,131.866,254.722,0,255,33589.322,7950135
388,MAX_20221220_46F_Gal4_cd8_GFP_KK_L2_S2L_C1.tif,315.308,253.131,0,255,79814.099,18890910
389,MAX_20221220_46F_Gal4_cd8_GFP_KK_L2_S2L_C3.tif,773.061,252.122,0,255,194905.766,46131540
390,MAX_20221220_46F_Gal4_cd8_GFP_KK_L2_S3L_C1.tif,99.71,254.751,0,255,25401.272,6012135
391,MAX_20221220_46F_Gal4_cd8_GFP_KK_L2_S3L_C3.tif,456.317,253.593,0,255,115718.7,27389040
392,MAX_20221220_46F_Gal4_cd8_GFP_KK_L2_S3R_C1.tif,10.246,255,255,255,2612.635,618375
393,MAX_20221220_46F_Gal4_cd8_GFP_KK_L2_S3R_C1.tif,206.379,254.828,0,255,52590.986,12447570
394,MAX_20221220_46F_Gal4_cd8_GFP_KK_L2_S3R_C3.tif,11.902,255,255,255,3034.966,718335
395,MAX_20221220_46F_Gal4_cd8_GFP_KK_L2_S3R_C3.tif,571.524,253.756,0,255,145027.611,34326060
396,MAX_20221220_46F_Gal4_cd8_GFP_KK_L2_S4L_C1.tif,62.767,247.859,0,255,15557.296,3682200
397,MAX_20221220_46F_Gal4_cd8_GFP_KK_L2_S4L_C3.tif,328.236,254.632,0,255,83579.525,19782135
398,MAX_20221220_46F_Gal4_cd8_GFP_KK_L2_S4L_C3.tif,6.806,254.842,0,255,1734.574,410550
399,MAX_20221220_46F_Gal4_cd8_GFP_KK_L2_S4R_C1.tif,31.502,254.932,0,255,8030.754,1900770
400,MAX_20221220_46F_Gal4_cd8_GFP_KK_L2_S4R_C1.tif,53.446,255,255,255,13628.794,3225750
401,MAX_20221220_46F_Gal4_cd8_GFP_KK_L2_S4R_C3.tif,187.07,253.117,0,255,47350.634,11207250
402,MAX_20221220_46F_Gal4_cd8_GFP_KK_L2_S4R_C3.tif,2.07,255,255,255,527.914,124950
403,MAX_20221220_46F_Gal4_cd8_GFP_KK_L2_S4R_C3.tif,2.531,255,255,255,645.348,152745
404,MAX_20221220_46F_Gal4_cd8_GFP_KK_L2_S4R_C3.tif,4.622,255,255,255,1178.648,278970
405,MAX_20221220_46F_Gal4_cd8_GFP_KK_L2_S4R_C3.tif,249.981,253.931,0,255,63477.861,15024345
406,MAX_20221220_46F_Gal4_cd8_GFP_KK_L2_S5L_C1.tif,23.085,254.953,0,255,5885.7,1393065
407,MAX_20221220_46F_Gal4_cd8_GFP_KK_L2_S5L_C3.tif,446.912,252.483,0,255,112837.799,26707170
408,MAX_20221220_46F_Gal4_cd8_GFP_KK_L2_S5L_C3.tif,8.636,255,255,255,2202.155,521220
409,MAX_20221220_46F_Gal4_cd8_GFP_KK_L2_S5R_C1.tif,45.233,254.929,0,255,11531.145,2729265
410,MAX_20221220_46F_Gal4_cd8_GFP_KK_L2_S5R_C3.tif,325.832,251.052,0,255,81800.778,19361130
411,MAX_20221220_46F_Gal4_cd8_GFP_KK_L3_S2L_C1.tif,63.59,237.99,0,255,15133.887,3581985
412,MAX_20221220_46F_Gal4_cd8_GFP_KK_L3_S2L_C1.tif,86.9,253.661,0,255,22043.094,5217300
413,MAX_20221220_46F_Gal4_cd8_GFP_KK_L3_S2L_C3.tif,744.821,250.941,0,255,186906.256,44238165
414,MAX_20221220_46F_Gal4_cd8_GFP_KK_L3_S3L_C1.tif,74.457,254.957,0,255,18983.348,4493100
415,MAX_20221220_46F_Gal4_cd8_GFP_KK_L3_S3L_C3.tif,413.475,254.257,0,255,105129.18,24882645
416,MAX_20221220_46F_Gal4_cd8_GFP_KK_L3_S3L_C3.tif,2.421,255,255,255,617.336,146115
417,MAX_20221220_46F_Gal4_cd8_GFP_KK_L3_S4L_C1.tif,74.69,254.986,0,255,19044.759,4507635
418,MAX_20221220_46F_Gal4_cd8_GFP_KK_L3_S4L_C3.tif,508.31,251.191,0,255,127682.95,30220815
419,MAX_20221220_46F_Gal4_cd8_GFP_KK_L3_S4R_C1.tif,128.182,252.84,0,255,32409.596,7670910
420,MAX_20221220_46F_Gal4_cd8_GFP_KK_L3_S4R_C3.tif,4.952,255,255,255,1262.684,298860
421,MAX_20221220_46F_Gal4_cd8_GFP_KK_L3_S4R_C3.tif,41.904,254.974,0,255,10684.328,2528835
422,MAX_20221220_46F_Gal4_cd8_GFP_KK_L3_S4R_C3.tif,367.765,254.153,0,255,93468.75,22122780
423,MAX_20221220_46F_Gal4_cd8_GFP_KK_L3_S5L_C1.tif,4792.447,254.983,0,255,1221992.185,289228905
424,MAX_20221220_46F_Gal4_cd8_GFP_KK_L3_S5L_C3.tif,320.91,254.725,0,255,81743.677,19347615
425,MAX_20221220_46F_Gal4_cd8_GFP_KK_L3_S5R_C1.tif,38.933,254.889,0,255,9923.702,2348805
426,MAX_20221220_46F_Gal4_cd8_GFP_KK_L3_S5R_C3.tif,259.347,253.874,0,255,65841.622,15583815
427,MAX_20221220_46F_Gal4_cd8_GFP_KK_L4_S2L_C1.tif,78.691,231.136,0,255,18188.246,4304910
428,MAX_20221220_46F_Gal4_cd8_GFP_KK_L4_S2L_C1.tif,77.888,253.063,0,255,19710.577,4665225
429,MAX_20221220_46F_Gal4_cd8_GFP_KK_L4_S2L_C1.tif,2.176,255,255,255,554.848,131325
430,MAX_20221220_46F_Gal4_cd8_GFP_KK_L4_S2L_C3.tif,128.837,246.303,0,255,31733.005,7510770
431,MAX_20221220_46F_Gal4_cd8_GFP_KK_L4_S2L_C3.tif,141.445,253.705,0,255,35885.208,8493540
432,MAX_20221220_46F_Gal4_cd8_GFP_KK_L4_S3L_C1.tif,203.421,252.309,0,255,51325.07,12147945
433,MAX_20221220_46F_Gal4_cd8_GFP_KK_L4_S3L_C3.tif,567.063,247.315,0,255,140242.988,33193605
434,MAX_20221220_46F_Gal4_cd8_GFP_KK_L4_S3L_C3.tif,2.079,255,255,255,530.069,125460
435,MAX_20221220_46F_Gal4_cd8_GFP_KK_L4_S3L_C3.tif,2.167,255,255,255,552.693,130815
436,MAX_20221220_46F_Gal4_cd8_GFP_KK_L4_S3L_C3.tif,3.743,254.137,0,255,951.322,225165
437,MAX_20221220_46F_Gal4_cd8_GFP_KK_L4_S3L_C3.tif,7.001,255,255,255,1785.21,422535
438,MAX_20221220_46F_Gal4_cd8_GFP_KK_L4_S3L_C3.tif,4.969,255,255,255,1266.993,299880
439,MAX_20221220_46F_Gal4_cd8_GFP_KK_L4_S3L_C3.tif,3.038,255,255,255,774.633,183345
440,MAX_20221220_46F_Gal4_cd8_GFP_KK_L4_S3L_C3.tif,4.069,255,255,255,1037.512,245565
441,MAX_20221220_46F_Gal4_cd8_GFP_KK_L4_S3L_C3.tif,10.909,255,255,255,2781.782,658410
442,MAX_20221220_46F_Gal4_cd8_GFP_KK_L4_S4L_C1.tif,117.882,253.922,0,255,29932.711,7084665
443,MAX_20221220_46F_Gal4_cd8_GFP_KK_L4_S4L_C3.tif,388.379,248.714,0,255,96595.293,22862790
444,MAX_20221220_46F_Gal4_cd8_GFP_KK_L4_S4L_C3.tif,5.062,255,255,255,1290.695,305490
445,MAX_20221220_46F_Gal4_cd8_GFP_KK_L4_S5R_C1.tif,26.026,254.917,0,255,6634.476,1570290
446,MAX_20221220_46F_Gal4_cd8_GFP_KK_L4_S5R_C3.tif,248.248,254.792,0,255,63251.612,14970795
447,MAX_20221220_Repo_Gal4_cd8_GFP_GD_L1_S2L_C1.tif,403.28,250.523,0,255,101030.846,23912625
448,MAX_20221220_Repo_Gal4_cd8_GFP_GD_L1_S2L_C1.tif,3.887,236.152,0,255,917.924,217260
449,MAX_20221220_Repo_Gal4_cd8_GFP_GD_L1_S2L_C3.tif,40.556,252.45,0,255,10238.295,2423265
450,MAX_20221220_Repo_Gal4_cd8_GFP_GD_L1_S2L_C3.tif,3.262,254.009,0,255,828.501,196095
451,MAX_20221220_Repo_Gal4_cd8_GFP_GD_L1_S2L_C3.tif,557.223,252.289,0,255,140581.284,33273675
452,MAX_20221220_Repo_Gal4_cd8_GFP_GD_L1_S2L_C3.tif,14.179,238.588,0,255,3382.958,800700
453,MAX_20221220_Repo_Gal4_cd8_GFP_GD_L1_S2L_C3.tif,2.379,249.112,0,255,592.556,140250
454,MAX_20221220_Repo_Gal4_cd8_GFP_GD_L1_S2L_C3.tif,10.812,254.103,0,255,2747.306,650250
455,MAX_20221220_Repo_Gal4_cd8_GFP_GD_L1_S2L_C3.tif,2.725,254.209,0,255,692.752,163965
456,MAX_20221220_Repo_Gal4_cd8_GFP_GD_L1_S2R_C1.tif,182.883,251.395,0,255,45975.903,10881870
457,MAX_20221220_Repo_Gal4_cd8_GFP_GD_L1_S2R_C1.tif,264.73,242.547,0,255,64209.398,15197490
458,MAX_20221220_Repo_Gal4_cd8_GFP_GD_L1_S2R_C1.tif,6.828,245.848,0,255,1678.55,397290
459,MAX_20221220_Repo_Gal4_cd8_GFP_GD_L1_S2R_C3.tif,618.308,249.379,0,255,154192.84,36495345
460,MAX_20221220_Repo_Gal4_cd8_GFP_GD_L1_S2R_C3.tif,3.764,253.283,0,255,953.477,225675
461,MAX_20221220_Repo_Gal4_cd8_GFP_GD_L1_S3L_C1.tif,115.292,253.103,0,255,29180.703,6906675
462,MAX_20221220_Repo_Gal4_cd8_GFP_GD_L1_S3L_C1.tif,3.883,253.89,0,255,985.798,233325
463,MAX_20221220_Repo_Gal4_cd8_GFP_GD_L1_S3L_C1.tif,231.593,251.39,0,255,58220.271,13779945
464,MAX_20221220_Repo_Gal4_cd8_GFP_GD_L1_S3L_C1.tif,2.18,255,255,255,555.926,131580
465,MAX_20221220_Repo_Gal4_cd8_GFP_GD_L1_S3L_C3.tif,239.777,247.811,0,255,59419.389,14063760
466,MAX_20221220_Repo_Gal4_cd8_GFP_GD_L1_S3L_C3.tif,2.497,255,255,255,636.729,150705
467,MAX_20221220_Repo_Gal4_cd8_GFP_GD_L1_S3L_C3.tif,3.194,255,255,255,814.496,192780
468,MAX_20221220_Repo_Gal4_cd8_GFP_GD_L1_S3L_C3.tif,344.067,231.396,0,255,79615.862,18843990
469,MAX_20221220_Repo_Gal4_cd8_GFP_GD_L1_S4L_C1.tif,171.712,249.083,0,255,42770.712,10123245
470,MAX_20221220_Repo_Gal4_cd8_GFP_GD_L1_S4L_C1.tif,3.236,255,255,255,825.269,195330
471,MAX_20221220_Repo_Gal4_cd8_GFP_GD_L1_S4L_C1.tif,11.851,254.455,0,255,3015.573,713745
472,MAX_20221220_Repo_Gal4_cd8_GFP_GD_L1_S4L_C3.tif,420.573,250.056,0,255,105166.889,24891570
473,MAX_20221220_Repo_Gal4_cd8_GFP_GD_L1_S4L_C3.tif,6.405,254.832,0,255,1632.223,386325
474,MAX_20221220_Repo_Gal4_cd8_GFP_GD_L1_S4L_C3.tif,3.917,255,255,255,998.727,236385
475,MAX_20221220_Repo_Gal4_cd8_GFP_GD_L1_S5L_C1.tif,2.641,255,255,255,673.359,159375
476,MAX_20221220_Repo_Gal4_cd8_GFP_GD_L1_S5L_C1.tif,57.523,252.191,0,255,14506.855,3433575
477,MAX_20221220_Repo_Gal4_cd8_GFP_GD_L1_S5L_C3.tif,268.727,254.856,0,255,68486.577,16209840
478,MAX_20221220_Repo_Gal4_cd8_GFP_GD_L1_S5L_C3.tif,2.113,254.49,0,255,537.61,127245
479,MAX_20221220_Repo_Gal4_cd8_GFP_GD_L2_S2L_C1.tif,15.096,250.361,0,255,3779.432,894540
480,MAX_20221220_Repo_Gal4_cd8_GFP_GD_L2_S2L_C1.tif,432.674,252.52,0,255,109258.759,25860060
481,MAX_20221220_Repo_Gal4_cd8_GFP_GD_L2_S2L_C1.tif,4.859,255,255,255,1238.981,293250
482,MAX_20221220_Repo_Gal4_cd8_GFP_GD_L2_S2L_C1.tif,2.412,255,255,255,615.181,145605
483,MAX_20221220_Repo_Gal4_cd8_GFP_GD_L2_S2L_C1.tif,2.983,255,255,255,760.627,180030
484,MAX_20221220_Repo_Gal4_cd8_GFP_GD_L2_S2L_C3.tif,830.741,238.118,0,255,197814.679,46820040
485,MAX_20221220_Repo_Gal4_cd8_GFP_GD_L2_S2R_C1.tif,6.13,255,255,255,1563.271,370005
486,MAX_20221220_Repo_Gal4_cd8_GFP_GD_L2_S2R_C1.tif,377.622,251.468,0,255,94959.837,22475700
487,MAX_20221220_Repo_Gal4_cd8_GFP_GD_L2_S2R_C1.tif,2.341,254.54,0,255,595.788,141015
488,MAX_20221220_Repo_Gal4_cd8_GFP_GD_L2_S2R_C1.tif,4.115,255,255,255,1049.363,248370
489,MAX_20221220_Repo_Gal4_cd8_GFP_GD_L2_S2R_C1.tif,8.319,251.633,0,255,2093.34,495465
490,MAX_20221220_Repo_Gal4_cd8_GFP_GD_L2_S2R_C1.tif,3.181,255,255,255,811.263,192015
491,MAX_20221220_Repo_Gal4_cd8_GFP_GD_L2_S2R_C1.tif,2.881,255,255,255,734.77,173910
492,MAX_20221220_Repo_Gal4_cd8_GFP_GD_L2_S2R_C3.tif,8.327,255,255,255,2123.506,502605
493,MAX_20221220_Repo_Gal4_cd8_GFP_GD_L2_S2R_C3.tif,711.942,241.082,0,255,171636.62,40624050
494,MAX_20221220_Repo_Gal4_cd8_GFP_GD_L2_S3L_C1.tif,22.705,254.715,0,255,5783.349,1368840
495,MAX_20221220_Repo_Gal4_cd8_GFP_GD_L2_S3L_C1.tif,3.541,255,255,255,902.84,213690
496,MAX_20221220_Repo_Gal4_cd8_GFP_GD_L2_S3L_C1.tif,39.609,254.755,0,255,10090.695,2388330
497,MAX_20221220_Repo_Gal4_cd8_GFP_GD_L2_S3L_C1.tif,2.227,255,255,255,567.777,134385
498,MAX_20221220_Repo_Gal4_cd8_GFP_GD_L2_S3L_C1.tif,66.793,244.209,0,255,16311.458,3860700
499,MAX_20221220_Repo_Gal4_cd8_GFP_GD_L2_S3L_C3.tif,25.802,254.749,0,255,6573.065,1555755
500,MAX_20221220_Repo_Gal4_cd8_GFP_GD_L2_S3L_C3.tif,12.916,255,255,255,3293.536,779535
501,MAX_20221220_Repo_Gal4_cd8_GFP_GD_L2_S3L_C3.tif,280.291,247.966,0,255,69502.542,16450305
502,MAX_20221220_Repo_Gal4_cd8_GFP_GD_L2_S3L_C3.tif,3.604,255,255,255,919.001,217515
503,MAX_20221220_Repo_Gal4_cd8_GFP_GD_L2_S3R_C1.tif,392.933,244.447,0,255,96051.218,22734015
504,MAX_20221220_Repo_Gal4_cd8_GFP_GD_L2_S3R_C1.tif,2.493,255,255,255,635.651,150450
505,MAX_20221220_Repo_Gal4_cd8_GFP_GD_L2_S3R_C1.tif,2.096,255,255,255,534.378,126480
506,MAX_20221220_Repo_Gal4_cd8_GFP_GD_L2_S3R_C3.tif,26.182,255,255,255,6676.493,1580235
507,MAX_20221220_Repo_Gal4_cd8_GFP_GD_L2_S3R_C3.tif,454.382,246.943,0,255,112206.457,26557740
508,MAX_20221220_Repo_Gal4_cd8_GFP_GD_L2_S3R_C3.tif,3.705,255,255,255,944.858,223635
509,MAX_20221220_Repo_Gal4_cd8_GFP_GD_L2_S3R_C3.tif,4.702,254.542,0,255,1196.964,283305
510,MAX_20221220_Repo_Gal4_cd8_GFP_GD_L2_S4L_C1.tif,102.951,248.773,0,255,25611.36,6061860
511,MAX_20221220_Repo_Gal4_cd8_GFP_GD_L2_S4L_C3.tif,335.085,248.036,0,255,83113.021,19671720
512,MAX_20221220_Repo_Gal4_cd8_GFP_GD_L3_S2R_C1.tif,5.298,240.156,0,255,1272.38,301155
513,MAX_20221220_Repo_Gal4_cd8_GFP_GD_L3_S2R_C1.tif,3.714,255,255,255,947.013,224145
514,MAX_20221220_Repo_Gal4_cd8_GFP_GD_L3_S2R_C1.tif,224.567,244.661,0,255,54942.896,13004235
515,MAX_20221220_Repo_Gal4_cd8_GFP_GD_L3_S2R_C1.tif,4.242,249.92,0,255,1060.137,250920
516,MAX_20221220_Repo_Gal4_cd8_GFP_GD_L3_S2R_C1.tif,112.922,252.558,0,255,28519.195,6750105
517,MAX_20221220_Repo_Gal4_cd8_GFP_GD_L3_S2R_C1.tif,7.85,253.628,0,255,1990.989,471240
518,MAX_20221220_Repo_Gal4_cd8_GFP_GD_L3_S2R_C1.tif,3.021,255,255,255,770.323,182325
519,MAX_20221220_Repo_Gal4_cd8_GFP_GD_L3_S2R_C1.tif,5.957,255,255,255,1519.099,359550
520,MAX_20221220_Repo_Gal4_cd8_GFP_GD_L3_S2R_C1.tif,2.205,227.644,0,255,502.057,118830
521,MAX_20221220_Repo_Gal4_cd8_GFP_GD_L3_S2R_C1.tif,7.618,248.918,0,255,1896.18,448800
522,MAX_20221220_Repo_Gal4_cd8_GFP_GD_L3_S2R_C3.tif,294.584,243.856,0,255,71836.136,17002635
523,MAX_20221220_Repo_Gal4_cd8_GFP_GD_L3_S2R_C3.tif,386.938,219.861,0,255,85072.766,20135565
524,MAX_20221220_Repo_Gal4_cd8_GFP_GD_L3_S3L_C1.tif,2.307,255,255,255,588.247,139230
525,MAX_20221220_Repo_Gal4_cd8_GFP_GD_L3_S3L_C1.tif,97.369,245.296,0,255,23884.328,5653095
526,MAX_20221220_Repo_Gal4_cd8_GFP_GD_L3_S3L_C1.tif,2.7,255,255,255,688.443,162945
527,MAX_20221220_Repo_Gal4_cd8_GFP_GD_L3_S3L_C1.tif,4.124,255,255,255,1051.518,248880
528,MAX_20221220_Repo_Gal4_cd8_GFP_GD_L3_S3L_C3.tif,329.381,251.546,0,255,82854.451,19610520
529,MAX_20221220_Repo_Gal4_cd8_GFP_GD_L3_S3R_C1.tif,6.612,254.837,0,255,1685.015,398820
530,MAX_20221220_Repo_Gal4_cd8_GFP_GD_L3_S3R_C1.tif,6.05,255,255,255,1542.801,365160
531,MAX_20221220_Repo_Gal4_cd8_GFP_GD_L3_S3R_C1.tif,2.442,255,255,255,622.723,147390
532,MAX_20221220_Repo_Gal4_cd8_GFP_GD_L3_S3R_C1.tif,76.215,254.067,0,255,19363.662,4583115
533,MAX_20221220_Repo_Gal4_cd8_GFP_GD_L3_S3R_C1.tif,92.595,251.509,0,255,23288.539,5512080
534,MAX_20221220_Repo_Gal4_cd8_GFP_GD_L3_S3R_C1.tif,2.235,255,255,255,569.931,134895
535,MAX_20221220_Repo_Gal4_cd8_GFP_GD_L3_S3R_C1.tif,15.624,251.345,0,255,3927.032,929475
536,MAX_20221220_Repo_Gal4_cd8_GFP_GD_L3_S3R_C3.tif,449.025,237.938,0,255,106840.052,25287585
537,MAX_20221220_Repo_Gal4_cd8_GFP_GD_L3_S3R_C3.tif,2.636,250.096,0,255,659.354,156060
538,MAX_20221220_Repo_Gal4_cd8_GFP_GD_L3_S3R_C3.tif,3.477,254.69,0,255,885.602,209610
539,MAX_20221220_Repo_Gal4_cd8_GFP_GD_L3_S3R_C3.tif,10.047,255,255,255,2561.998,606390
540,MAX_20221220_Repo_Gal4_cd8_GFP_GD_L3_S4L_C1.tif,72.581,254.035,0,255,18438.197,4364070
541,MAX_20221220_Repo_Gal4_cd8_GFP_GD_L3_S4L_C3.tif,293.98,251.801,0,255,74024.285,17520540
542,MAX_20221220_Repo_Gal4_cd8_GFP_GD_L3_S4L_C3.tif,19.224,236.674,0,255,4549.755,1076865
543,MAX_20221220_Repo_Gal4_cd8_GFP_GD_L3_S4L_C3.tif,4.96,255,255,255,1264.838,299370
544,MAX_20221220_Repo_Gal4_cd8_GFP_GD_L3_S5L_C1.tif,17.707,255,255,255,4515.279,1068705
545,MAX_20221220_Repo_Gal4_cd8_GFP_GD_L3_S5L_C3.tif,7.064,253.627,0,255,1791.675,424065
546,MAX_20221220_Repo_Gal4_cd8_GFP_GD_L3_S5L_C3.tif,62.627,254.622,0,255,15946.228,3774255
547,MAX_20221220_Repo_Gal4_cd8_GFP_GD_L3_S5L_C3.tif,148.027,254.854,0,255,37725.365,8929080
548,MAX_20221220_Repo_Gal4_cd8_GFP_GD_L4_S2L_C1.tif,402.52,250.75,0,255,100931.727,23889165
549,MAX_20221220_Repo_Gal4_cd8_GFP_GD_L4_S2L_C1.tif,3.756,255,255,255,957.786,226695
550,MAX_20221220_Repo_Gal4_cd8_GFP_GD_L4_S2L_C1.tif,16.423,247.259,0,255,4060.627,961095
551,MAX_20221220_Repo_Gal4_cd8_GFP_GD_L4_S2L_C3.tif,659.261,245.355,0,255,161752.781,38284680
552,MAX_20221220_Repo_Gal4_cd8_GFP_GD_L4_S2R_C1.tif,2.045,255,255,255,521.45,123420
553,MAX_20221220_Repo_Gal4_cd8_GFP_GD_L4_S2R_C1.tif,255.034,248.727,0,255,63433.688,15013890
554,MAX_20221220_Repo_Gal4_cd8_GFP_GD_L4_S2R_C1.tif,4.119,253.431,0,255,1043.976,247095
555,MAX_20221220_Repo_Gal4_cd8_GFP_GD_L4_S2R_C3.tif,605.126,251.364,0,255,152107.042,36001665
556,MAX_20221220_Repo_Gal4_cd8_GFP_GD_L4_S3R_C1.tif,272.846,238.254,0,255,65006.656,15386190
557,MAX_20221220_Repo_Gal4_cd8_GFP_GD_L4_S3R_C1.tif,8.67,252.515,0,255,2189.226,518160
558,MAX_20221220_Repo_Gal4_cd8_GFP_GD_L4_S3R_C1.tif,2.877,255,255,255,733.692,173655
559,MAX_20221220_Repo_Gal4_cd8_GFP_GD_L4_S3R_C3.tif,541.121,250.735,0,255,135678.15,32113170
560,MAX_20221220_Repo_Gal4_cd8_GFP_GD_L4_S4L_C1.tif,166.773,252.558,0,255,42119.978,9969225
561,MAX_20221220_Repo_Gal4_cd8_GFP_GD_L4_S4L_C1.tif,5.121,255,255,255,1305.779,309060
562,MAX_20221220_Repo_Gal4_cd8_GFP_GD_L4_S4L_C3.tif,385.734,253.802,0,255,97899.994,23171595
563,MAX_20221220_Repo_Gal4_cd8_GFP_GD_L4_S5L_C1.tif,11.682,244.118,0,255,2851.812,674985
564,MAX_20221220_Repo_Gal4_cd8_GFP_GD_L4_S5L_C1.tif,111.219,243.56,0,255,27088.441,6411465
565,MAX_20221220_Repo_Gal4_cd8_GFP_GD_L4_S5L_C1.tif,3.012,250.351,0,255,754.163,178500
566,MAX_20221220_Repo_Gal4_cd8_GFP_GD_L4_S5L_C3.tif,339.124,246.823,0,255,83703.423,19811460
567,MAX_20221220_Repo_Gal4_cd8_GFP_GD_L4_S5R_C1.tif,111.308,240.859,0,255,26809.401,6345420
568,MAX_20221220_Repo_Gal4_cd8_GFP_GD_L4_S5R_C1.tif,6.836,255,255,255,1743.193,412590
569,MAX_20221220_Repo_Gal4_cd8_GFP_GD_L4_S5R_C1.tif,2.167,255,255,255,552.693,130815
570,MAX_20221220_Repo_Gal4_cd8_GFP_GD_L4_S5R_C1.tif,4.398,255,255,255,1121.547,265455
571,MAX_20221220_Repo_Gal4_cd8_GFP_GD_L4_S5R_C3.tif,41.98,254.872,0,255,10699.412,2532405
572,MAX_20221220_Repo_Gal4_cd8_GFP_GD_L4_S5R_C3.tif,2.974,255,255,255,758.472,179520
573,MAX_20221220_Repo_Gal4_cd8_GFP_GD_L4_S5R_C3.tif,122.314,254.586,0,255,31139.371,7370265
574,MAX_20221220_Repo_Gal4_cd8_GFP_GD_L4_S5R_C3.tif,21.683,255,255,255,5529.089,1308660
575,MAX_20221220_Repo_Gal4_cd8_GFP_GD_L4_S5R_C3.tif,5.788,251.091,0,255,1453.379,343995
576,MAX_20221220_Repo_Gal4_cd8_GFP_GD_L5_S2R_C1.tif,939.201,239.948,0,255,225358.85,53339370
577,MAX_20221220_Repo_Gal4_cd8_GFP_GD_L5_S2R_C1.tif,3.19,255,255,255,813.418,192525
578,MAX_20221220_Repo_Gal4_cd8_GFP_GD_L5_S2R_C1.tif,3.317,255,255,255,845.739,200175
579,MAX_20221220_Repo_Gal4_cd8_GFP_GD_L5_S2R_C1.tif,2.1,255,255,255,535.455,126735
580,MAX_20221220_Repo_Gal4_cd8_GFP_GD_L5_S2R_C1.tif,7.166,255,255,255,1827.228,432480
581,MAX_20221220_Repo_Gal4_cd8_GFP_GD_L5_S2R_C1.tif,12.202,226.833,0,255,2767.777,655095
582,MAX_20221220_Repo_Gal4_cd8_GFP_GD_L5_S2R_C1.tif,2.104,255,255,255,536.533,126990
583,MAX_20221220_Repo_Gal4_cd8_GFP_GD_L5_S2R_C1.tif,2.843,255,255,255,725.073,171615
584,MAX_20221220_Repo_Gal4_cd8_GFP_GD_L5_S2R_C1.tif,11.07,255,255,255,2822.723,668100
585,MAX_20221220_Repo_Gal4_cd8_GFP_GD_L5_S2R_C3.tif,770.906,247.01,0,255,190421.731,45070230
586,MAX_20221220_Repo_Gal4_cd8_GFP_GD_L5_S2R_C3.tif,97.23,253.803,0,255,24677.276,5840775
587,MAX_20221220_Repo_Gal4_cd8_GFP_GD_L5_S2R_C3.tif,6.887,232.942,0,255,1604.211,379695
588,MAX_20221220_Repo_Gal4_cd8_GFP_GD_L5_S2R_C3.tif,56.036,248.29,0,255,13913.221,3293070
589,MAX_20221220_Repo_Gal4_cd8_GFP_GD_L5_S2R_C3.tif,30.133,254.928,0,255,7681.684,1818150
590,MAX_20221220_Repo_Gal4_cd8_GFP_GD_L5_S2R_C3.tif,8.834,255,255,255,2252.791,533205
591,MAX_20221220_Repo_Gal4_cd8_GFP_GD_L5_S3L_C1.tif,473.145,244.576,0,255,115719.777,27389295
592,MAX_20221220_Repo_Gal4_cd8_GFP_GD_L5_S3L_C1.tif,17.534,255,255,255,4471.106,1058250
593,MAX_20221220_Repo_Gal4_cd8_GFP_GD_L5_S3L_C1.tif,4.605,255,255,255,1174.339,277950
594,MAX_20221220_Repo_Gal4_cd8_GFP_GD_L5_S3L_C1.tif,10.508,245.669,0,255,2581.391,610980
595,MAX_20221220_Repo_Gal4_cd8_GFP_GD_L5_S3L_C1.tif,8.505,253.353,0,255,2154.75,510000
596,MAX_20221220_Repo_Gal4_cd8_GFP_GD_L5_S3L_C3.tif,739.557,239.631,0,255,177220.655,41945715
597,MAX_20221220_Repo_Gal4_cd8_GFP_GD_L5_S3L_C3.tif,6.878,251.241,0,255,1728.11,409020
598,MAX_20221220_Repo_Gal4_cd8_GFP_GD_L5_S3L_C3.tif,10.647,253.381,0,255,2697.747,638520
599,MAX_20221220_Repo_Gal4_cd8_GFP_GD_L5_S3L_C3.tif,40.746,253.546,0,255,10330.949,2445195
600,MAX_20221220_Repo_Gal4_cd8_GFP_GD_L5_S3R_C1.tif,273.598,250.542,0,255,68547.988,16224375
601,MAX_20221220_Repo_Gal4_cd8_GFP_GD_L5_S3R_C1.tif,7.166,254.549,0,255,1823.996,431715
602,MAX_20221220_Repo_Gal4_cd8_GFP_GD_L5_S3R_C1.tif,6.84,252.952,0,255,1730.264,409530
603,MAX_20221220_Repo_Gal4_cd8_GFP_GD_L5_S3R_C1.tif,4.132,255,255,255,1053.673,249390
604,MAX_20221220_Repo_Gal4_cd8_GFP_GD_L5_S3R_C3.tif,634.975,235.583,0,255,149589.217,35405730
605,MAX_20221220_Repo_Gal4_cd8_GFP_GD_L5_S3R_C3.tif,17.111,252.104,0,255,4313.81,1021020
606,MAX_20221220_Repo_Gal4_cd8_GFP_GD_L5_S3R_C3.tif,8.522,252.471,0,255,2151.518,509235
607,MAX_20221220_Repo_Gal4_cd8_GFP_GD_L5_S3R_C3.tif,14.171,255,255,255,3613.516,855270
608,MAX_20221220_Repo_Gal4_cd8_GFP_GD_L5_S4L_C1.tif,6.181,255,255,255,1576.2,373065
609,MAX_20221220_Repo_Gal4_cd8_GFP_GD_L5_S4L_C1.tif,165.134,253.558,0,255,41871.104,9910320
610,MAX_20221220_Repo_Gal4_cd8_GFP_GD_L5_S4L_C3.tif,107.395,254.99,0,255,27384.719,6481590
611,MAX_20221220_Repo_Gal4_cd8_GFP_GD_L5_S4L_C3.tif,328.232,253.717,0,255,83277.86,19710735
612,MAX_20221220_Repo_Gal4_cd8_GFP_GD_L5_S4L_C3.tif,9.008,255,255,255,2296.964,543660
613,MAX_20221220_Repo_Gal4_cd8_GFP_GD_L5_S4R_C1.tif,51.71,251.646,0,255,13012.536,3079890
614,MAX_20221220_Repo_Gal4_cd8_GFP_GD_L5_S4R_C1.tif,4.618,255,255,255,1177.571,278715
615,MAX_20221220_Repo_Gal4_cd8_GFP_GD_L5_S4R_C1.tif,148.606,245.684,0,255,36510.086,8641440
616,MAX_20221220_Repo_Gal4_cd8_GFP_GD_L5_S4R_C3.tif,30.175,232.185,0,255,7006.17,1658265
617,MAX_20221220_Repo_Gal4_cd8_GFP_GD_L5_S4R_C3.tif,2.581,255,255,255,658.276,155805
618,MAX_20221220_Repo_Gal4_cd8_GFP_GD_L5_S4R_C3.tif,149.852,254.18,0,255,38089.518,9015270
619,MAX_20221220_Repo_Gal4_cd8_GFP_GD_L5_S4R_C3.tif,185.393,254.035,0,255,47096.373,11147070
620,MAX_20221220_Repo_Gal4_cd8_GFP_GD_L5_S4R_C3.tif,38.164,255,255,255,9731.929,2303415
621,MAX_20221220_Repo_Gal4_cd8_GFP_GD_L5_S5L_C1.tif,75.374,248.025,0,255,18694.612,4424760
622,MAX_20221220_Repo_Gal4_cd8_GFP_GD_L5_S5L_C1.tif,91.239,255,255,255,23265.914,5506725
623,MAX_20221220_Repo_Gal4_cd8_GFP_GD_L5_S5L_C3.tif,97.885,254.703,0,255,24931.536,5900955
624,MAX_20221220_Repo_Gal4_cd8_GFP_GD_L5_S5L_C3.tif,237.077,250.387,0,255,59361.211,14049990
625,MAX_20221220_Repo_Gal4_cd8_GFP_GD_L5_S5L_C3.tif,3.515,255,255,255,896.376,212160
626,MAX_20221220_Repo_Gal4_cd8_GFP_GD_L5_S5L_C3.tif,6.076,255,255,255,1549.265,366690
627,MAX_20221220_Repo_Gal4_cd8_GFP_GD_L5_S5R_C1.tif,38.494,254.496,0,255,9796.571,2318715
628,MAX_20221220_Repo_Gal4_cd8_GFP_GD_L5_S5R_C1.tif,184.755,251.466,0,255,46459.644,10996365
629,MAX_20221220_Repo_Gal4_cd8_GFP_GD_L5_S5R_C3.tif,285.838,248.947,0,255,71158.468,16842240
630,MAX_20221220_Repo_Gal4_cd8_GFP_GD_L5_S5R_C3.tif,2.649,255,255,255,675.514,159885
631,MAX_20221220_Repo_Gal4_cd8_GFP_GD_L5_S5R_C3.tif,3.025,241.823,0,255,731.538,173145
632,MAX_20221220_Repo_Gal4_cd8_GFP_GD_L5_S5R_C3.tif,23.943,253.38,0,255,6066.699,1435905
633,MAX_20221220_Repo_Gal4_cd8_GFP_GD_L5_S5R_C3.tif,2.569,255,255,255,655.044,155040
634,MAX_20221220_Repo_Gal4_cd8_GFP_GD_L5_S5R_C3.tif,36.618,254.912,0,255,9334.377,2209320
635,MAX_20221220_Repo_Gal4_cd8_GFP_GD_L6_S2L_C1.tif,261.375,252.811,0,255,66078.644,15639915
636,MAX_20221220_Repo_Gal4_cd8_GFP_GD_L6_S2L_C1.tif,5.645,255,255,255,1439.373,340680
637,MAX_20221220_Repo_Gal4_cd8_GFP_GD_L6_S2L_C1.tif,4.618,253.833,0,255,1172.184,277440
638,MAX_20221220_Repo_Gal4_cd8_GFP_GD_L6_S2L_C1.tif,349.353,250.531,0,255,87523.795,20715690
639,MAX_20221220_Repo_Gal4_cd8_GFP_GD_L6_S2L_C3.tif,352.513,244.688,0,255,86255.724,20415555
640,MAX_20221220_Repo_Gal4_cd8_GFP_GD_L6_S2L_C3.tif,12.485,255,255,255,3183.643,753525
641,MAX_20221220_Repo_Gal4_cd8_GFP_GD_L6_S2L_C3.tif,609.782,211.994,0,255,129269.923,30596430
642,MAX_20221220_Repo_Gal4_cd8_GFP_GD_L6_S2L_C3.tif,3.355,255,255,255,855.436,202470
643,MAX_20221220_Repo_Gal4_cd8_GFP_GD_L6_S2L_C3.tif,3.824,255,255,255,975.024,230775
644,MAX_20221220_Repo_Gal4_cd8_GFP_GD_L6_S2R_C1.tif,737.123,252.651,0,255,186235.052,44079300
645,MAX_20221220_Repo_Gal4_cd8_GFP_GD_L6_S2R_C1.tif,3.532,255,255,255,900.686,213180
646,MAX_20221220_Repo_Gal4_cd8_GFP_GD_L6_S2R_C1.tif,20.935,255,255,255,5338.393,1263525
647,MAX_20221220_Repo_Gal4_cd8_GFP_GD_L6_S2R_C1.tif,2.489,255,255,255,634.574,150195
648,MAX_20221220_Repo_Gal4_cd8_GFP_GD_L6_S2R_C1.tif,2.239,255,255,255,571.009,135150
649,MAX_20221220_Repo_Gal4_cd8_GFP_GD_L6_S2R_C1.tif,3.638,248.188,0,255,902.84,213690
650,MAX_20221220_Repo_Gal4_cd8_GFP_GD_L6_S2R_C3.tif,3.215,255,255,255,819.882,194055
651,MAX_20221220_Repo_Gal4_cd8_GFP_GD_L6_S2R_C3.tif,389.638,229.572,0,255,89450.141,21171630
652,MAX_20221220_Repo_Gal4_cd8_GFP_GD_L6_S2R_C3.tif,651.423,235.987,0,255,153727.414,36385185
653,MAX_20221220_Repo_Gal4_cd8_GFP_GD_L6_S2R_C3.tif,22.473,255,255,255,5730.558,1356345
654,MAX_20221220_Repo_Gal4_cd8_GFP_GD_L6_S3R_C1.tif,181.126,238.547,0,255,43207.049,10226520
655,MAX_20221220_Repo_Gal4_cd8_GFP_GD_L6_S3R_C1.tif,3.008,255,255,255,767.091,181560
656,MAX_20221220_Repo_Gal4_cd8_GFP_GD_L6_S3R_C3.tif,448.995,246.071,0,255,110484.812,26150250
657,MAX_20221220_Repo_Gal4_cd8_GFP_GD_L6_S4L_C1.tif,177.526,254.041,0,255,45098.92,10674300
658,MAX_20221220_Repo_Gal4_cd8_GFP_GD_L6_S4L_C1.tif,3.663,254.412,0,255,931.929,220575
659,MAX_20221220_Repo_Gal4_cd8_GFP_GD_L6_S4L_C1.tif,2.767,246.824,0,255,683.056,161670
660,MAX_20221220_Repo_Gal4_cd8_GFP_GD_L6_S4L_C1.tif,3.866,254.164,0,255,982.566,232560
661,MAX_20221220_Repo_Gal4_cd8_GFP_GD_L6_S4L_C3.tif,399.993,248.28,0,255,99310.278,23505390
662,MAX_20221220_Repo_Gal4_cd8_GFP_GD_L6_S4L_C3.tif,3.718,255,255,255,948.09,224400
663,MAX_20221220_Repo_Gal4_cd8_GFP_GD_L6_S4L_C3.tif,4.639,255,255,255,1182.958,279990
664,MAX_20221220_Repo_Gal4_cd8_GFP_GD_L6_S4L_C3.tif,8.492,255,255,255,2165.524,512550
665,MAX_20221220_Repo_Gal4_cd8_GFP_GD_L6_S4L_C3.tif,14.276,254.774,0,255,3637.218,860880
666,MAX_20221220_Repo_Gal4_cd8_GFP_GD_L6_S4L_C3.tif,3.972,252.016,0,255,1000.881,236895
667,MAX_20221220_Repo_Gal4_cd8_GFP_GD_L6_S4L_C3.tif,14.813,254.782,0,255,3774.045,893265
668,MAX_20221220_Repo_Gal4_cd8_GFP_GD_L6_S4R_C1.tif,5.324,251.56,0,255,1339.177,316965
669,MAX_20221220_Repo_Gal4_cd8_GFP_GD_L6_S4R_C1.tif,196.665,252.047,0,255,49568.949,11732295
670,MAX_20221220_Repo_Gal4_cd8_GFP_GD_L6_S4R_C1.tif,3.6,255,255,255,917.924,217260
671,MAX_20221220_Repo_Gal4_cd8_GFP_GD_L6_S4R_C1.tif,15.92,247.15,0,255,3934.574,931260
672,MAX_20221220_Repo_Gal4_cd8_GFP_GD_L6_S4R_C1.tif,7.47,254.135,0,255,1898.335,449310
673,MAX_20221220_Repo_Gal4_cd8_GFP_GD_L6_S4R_C3.tif,516.882,230.148,0,255,118959.444,28156080
674,MAX_20221220_Repo_Gal4_cd8_GFP_GD_L6_S4R_C3.tif,9.485,255,255,255,2418.707,572475
675,MAX_20221220_Repo_Gal4_cd8_GFP_GD_L6_S4R_C3.tif,2.712,255,255,255,691.675,163710
676,MAX_20221220_Repo_Gal4_cd8_GFP_GD_L6_S4R_C3.tif,2.396,255,255,255,610.872,144585
677,MAX_20221220_Repo_Gal4_cd8_GFP_control_L1_S2L_C1.tif,2.053,255,255,255,523.604,123930
678,MAX_20221220_Repo_Gal4_cd8_GFP_control_L1_S2L_C1.tif,5.383,255,255,255,1372.576,324870
679,MAX_20221220_Repo_Gal4_cd8_GFP_control_L1_S2L_C1.tif,414.261,253.515,0,255,105021.443,24857145
680,MAX_20221220_Repo_Gal4_cd8_GFP_control_L1_S2L_C3.tif,15.649,255,255,255,3990.597,944520
681,MAX_20221220_Repo_Gal4_cd8_GFP_control_L1_S2L_C3.tif,1166.096,235.856,0,255,275030.149,65095890
682,MAX_20221220_Repo_Gal4_cd8_GFP_control_L1_S2L_C3.tif,2.087,255,255,255,532.223,125970
683,MAX_20221220_Repo_Gal4_cd8_GFP_control_L1_S2L_C3.tif,2.151,255,255,255,548.384,129795
684,MAX_20221220_Repo_Gal4_cd8_GFP_control_L1_S2L_C3.tif,2.59,255,255,255,660.431,156315
685,MAX_20221220_Repo_Gal4_cd8_GFP_control_L1_S2L_C3.tif,2.374,255,255,255,605.485,143310
686,MAX_20221220_Repo_Gal4_cd8_GFP_control_L1_S2L_C3.tif,3.076,255,255,255,784.329,185640
687,MAX_20221220_Repo_Gal4_cd8_GFP_control_L1_S2L_C3.tif,6.139,255,255,255,1565.426,370515
688,MAX_20221220_Repo_Gal4_cd8_GFP_control_L1_S2L_C3.tif,7.297,251.604,0,255,1835.847,434520
689,MAX_20221220_Repo_Gal4_cd8_GFP_control_L1_S2L_C3.tif,3.562,255,255,255,908.227,214965
690,MAX_20221220_Repo_Gal4_cd8_GFP_control_L1_S2L_C3.tif,2.784,255,255,255,709.99,168045
691,MAX_20221220_Repo_Gal4_cd8_GFP_control_L1_S2L_C3.tif,3.435,255,255,255,875.906,207315
692,MAX_20221220_Repo_Gal4_cd8_GFP_control_L1_S2L_C3.tif,4.939,255,255,255,1259.451,298095
693,MAX_20221220_Repo_Gal4_cd8_GFP_control_L1_S2R_C1.tif,4.952,255,255,255,1262.684,298860
694,MAX_20221220_Repo_Gal4_cd8_GFP_control_L1_S2R_C1.tif,5.446,255,255,255,1388.736,328695
695,MAX_20221220_Repo_Gal4_cd8_GFP_control_L1_S2R_C1.tif,314.129,245.784,0,255,77207.928,18274065
696,MAX_20221220_Repo_Gal4_cd8_GFP_control_L1_S2R_C1.tif,2.653,255,255,255,676.592,160140
697,MAX_20221220_Repo_Gal4_cd8_GFP_control_L1_S2R_C1.tif,7.225,255,255,255,1842.311,436050
698,MAX_20221220_Repo_Gal4_cd8_GFP_control_L1_S2R_C1.tif,9.844,255,255,255,2510.284,594150
699,MAX_20221220_Repo_Gal4_cd8_GFP_control_L1_S2R_C3.tif,6.088,252.523,0,255,1537.414,363885
700,MAX_20221220_Repo_Gal4_cd8_GFP_control_L1_S2R_C3.tif,688.384,251.192,0,255,172916.541,40926990
701,MAX_20221220_Repo_Gal4_cd8_GFP_control_L1_S2R_C3.tif,2.125,255,255,255,541.92,128265
702,MAX_20221220_Repo_Gal4_cd8_GFP_control_L1_S2R_C3.tif,3.05,255,255,255,777.865,184110
703,MAX_20221220_Repo_Gal4_cd8_GFP_control_L1_S2R_C3.tif,7.309,219.772,0,255,1606.366,380205
704,MAX_20221220_Repo_Gal4_cd8_GFP_control_L1_S2R_C3.tif,2.074,255,255,255,528.991,125205
705,MAX_20221220_Repo_Gal4_cd8_GFP_control_L1_S3L_C1.tif,116.428,254.334,0,255,29611.653,7008675
706,MAX_20221220_Repo_Gal4_cd8_GFP_control_L1_S3L_C3.tif,656.759,243.34,0,255,159815.661,37826190
707,MAX_20221220_Repo_Gal4_cd8_GFP_control_L1_S3R_C1.tif,164.285,254.797,0,255,41859.253,9907515
708,MAX_20221220_Repo_Gal4_cd8_GFP_control_L1_S3R_C3.tif,524.8,251.046,0,255,131748.963,31183185
709,MAX_20221220_Repo_Gal4_cd8_GFP_control_L1_S4L_C1.tif,13.127,254.918,0,255,3346.327,792030
710,MAX_20221220_Repo_Gal4_cd8_GFP_control_L1_S4L_C1.tif,40.552,254.973,0,255,10339.568,2447235
711,MAX_20221220_Repo_Gal4_cd8_GFP_control_L1_S4L_C3.tif,139.535,246.013,0,255,34327.324,8124810
712,MAX_20221220_Repo_Gal4_cd8_GFP_control_L1_S4L_C3.tif,3.849,255,255,255,981.489,232305
713,MAX_20221220_Repo_Gal4_cd8_GFP_control_L1_S4L_C3.tif,250.657,252.443,0,255,63276.392,14976660
714,MAX_20221220_Repo_Gal4_cd8_GFP_control_L1_S4L_C3.tif,2.315,255,255,255,590.402,139740
715,MAX_20221220_Repo_Gal4_cd8_GFP_control_L1_S5L_C1.tif,30.581,254.718,0,255,7789.422,1843650
716,MAX_20221220_Repo_Gal4_cd8_GFP_control_L1_S5L_C3.tif,434.989,239.847,0,255,104330.845,24693690
717,MAX_20221220_Repo_Gal4_cd8_GFP_control_L1_S5R_C1.tif,44.172,254.878,0,255,11258.569,2664750
718,MAX_20221220_Repo_Gal4_cd8_GFP_control_L1_S5R_C3.tif,411.481,253.455,0,255,104292.06,24684510
719,MAX_20221220_Repo_Gal4_cd8_GFP_control_L2_S2L_C1.tif,473.077,254.754,0,255,120518.406,28525065
720,MAX_20221220_Repo_Gal4_cd8_GFP_control_L2_S2L_C3.tif,5.256,255,255,255,1340.255,317220
721,MAX_20221220_Repo_Gal4_cd8_GFP_control_L2_S2L_C3.tif,1149.677,247.395,0,255,284424.859,67319490
722,MAX_20221220_Repo_Gal4_cd8_GFP_control_L2_S2L_C3.tif,12.168,255,255,255,3102.84,734400
723,MAX_20221220_Repo_Gal4_cd8_GFP_control_L2_S2R_C1.tif,279.501,250.236,0,255,69941.034,16554090
724,MAX_20221220_Repo_Gal4_cd8_GFP_control_L2_S2R_C1.tif,3.473,255,255,255,885.602,209610
725,MAX_20221220_Repo_Gal4_cd8_GFP_control_L2_S2R_C1.tif,3.262,255,255,255,831.734,196860
726,MAX_20221220_Repo_Gal4_cd8_GFP_control_L2_S2R_C3.tif,2.738,254.606,0,255,697.062,164985
727,MAX_20221220_Repo_Gal4_cd8_GFP_control_L2_S2R_C3.tif,5.569,250.163,0,255,1393.046,329715
728,MAX_20221220_Repo_Gal4_cd8_GFP_control_L2_S2R_C3.tif,4.31,255,255,255,1098.923,260100
729,MAX_20221220_Repo_Gal4_cd8_GFP_control_L2_S2R_C3.tif,4.947,255,255,255,1261.606,298605
730,MAX_20221220_Repo_Gal4_cd8_GFP_control_L2_S2R_C3.tif,3.414,246.795,0,255,842.507,199410
731,MAX_20221220_Repo_Gal4_cd8_GFP_control_L2_S2R_C3.tif,850.4,244.319,0,255,207768.547,49175985
732,MAX_20221220_Repo_Gal4_cd8_GFP_control_L2_S2R_C3.tif,15.218,249.195,0,255,3792.36,897600
733,MAX_20221220_Repo_Gal4_cd8_GFP_control_L2_S2R_C3.tif,2.615,255,255,255,666.895,157845
734,MAX_20221220_Repo_Gal4_cd8_GFP_control_L2_S2R_C3.tif,4.914,255,255,255,1252.987,296565
735,MAX_20221220_Repo_Gal4_cd8_GFP_control_L2_S3L_C1.tif,28.426,254.924,0,255,7246.425,1715130
736,MAX_20221220_Repo_Gal4_cd8_GFP_control_L2_S3L_C1.tif,6.097,255,255,255,1554.652,367965
737,MAX_20221220_Repo_Gal4_cd8_GFP_control_L2_S3L_C1.tif,3.819,255,255,255,973.947,230520
738,MAX_20221220_Repo_Gal4_cd8_GFP_control_L2_S3L_C1.tif,95.337,253.678,0,255,24184.915,5724240
739,MAX_20221220_Repo_Gal4_cd8_GFP_control_L2_S3L_C1.tif,2.011,255,255,255,512.831,121380
740,MAX_20221220_Repo_Gal4_cd8_GFP_control_L2_S3L_C1.tif,5.311,255,255,255,1354.26,320535
741,MAX_20221220_Repo_Gal4_cd8_GFP_control_L2_S3L_C3.tif,412.364,251.88,0,255,103866.497,24583785
742,MAX_20221220_Repo_Gal4_cd8_GFP_control_L2_S3R_C1.tif,69.991,250.813,0,255,17554.749,4154970
743,MAX_20221220_Repo_Gal4_cd8_GFP_control_L2_S3R_C1.tif,2.32,255,255,255,591.479,139995
744,MAX_20221220_Repo_Gal4_cd8_GFP_control_L2_S3R_C1.tif,33.593,254.968,0,255,8565.132,2027250
745,MAX_20221220_Repo_Gal4_cd8_GFP_control_L2_S3R_C1.tif,5.877,255,255,255,1498.629,354705
746,MAX_20221220_Repo_Gal4_cd8_GFP_control_L2_S3R_C1.tif,2.527,255,255,255,644.27,152490
747,MAX_20221220_Repo_Gal4_cd8_GFP_control_L2_S3R_C3.tif,202.72,244.567,0,255,49578.645,11734590
748,MAX_20221220_Repo_Gal4_cd8_GFP_control_L2_S3R_C3.tif,133.354,251.033,0,255,33476.198,7923360
749,MAX_20221220_Repo_Gal4_cd8_GFP_control_L3_S2L_C1.tif,3.655,255,255,255,931.929,220575
750,MAX_20221220_Repo_Gal4_cd8_GFP_control_L3_S2L_C1.tif,92.274,255,255,255,23529.871,5569200
751,MAX_20221220_Repo_Gal4_cd8_GFP_control_L3_S2L_C1.tif,136.856,254.992,0,255,34897.255,8259705
752,MAX_20221220_Repo_Gal4_cd8_GFP_control_L3_S2L_C3.tif,4.669,254.769,0,255,1189.422,281520
753,MAX_20221220_Repo_Gal4_cd8_GFP_control_L3_S2L_C3.tif,607.454,252.46,0,255,153357.875,36297720
754,MAX_20221220_Repo_Gal4_cd8_GFP_control_L3_S2L_C3.tif,2.472,255,255,255,630.264,149175
755,MAX_20221220_Repo_Gal4_cd8_GFP_control_L3_S2L_C3.tif,6.633,255,255,255,1691.479,400350
756,MAX_20221220_Repo_Gal4_cd8_GFP_control_L3_S2R_C1.tif,230.385,254.486,0,255,58629.673,13876845
757,MAX_20221220_Repo_Gal4_cd8_GFP_control_L3_S2R_C3.tif,517.406,243.281,0,255,125875.114,29792925
758,MAX_20221220_Repo_Gal4_cd8_GFP_control_L3_S2R_C3.tif,3.955,255,255,255,1008.423,238680
759,MAX_20221220_Repo_Gal4_cd8_GFP_control_L3_S3L_C1.tif,86.967,254.988,0,255,22175.611,5248665
760,MAX_20221220_Repo_Gal4_cd8_GFP_control_L3_S3L_C3.tif,396.001,246.808,0,255,97736.233,23132835
761,MAX_20221220_Repo_Gal4_cd8_GFP_control_L3_S3L_C3.tif,9.844,255,255,255,2510.284,594150
762,MAX_20221220_Repo_Gal4_cd8_GFP_control_L3_S3R_C1.tif,91.606,252.977,0,255,23174.337,5485050
763,MAX_20221220_Repo_Gal4_cd8_GFP_control_L3_S3R_C3.tif,414.895,251.905,0,255,104513.999,24737040
764,MAX_20221220_Repo_Gal4_cd8_GFP_control_L3_S4L_C1.tif,36.91,255,255,255,9411.948,2227680
765,MAX_20221220_Repo_Gal4_cd8_GFP_control_L3_S4L_C3.tif,273.522,252.68,0,255,69113.61,16358250
766,MAX_20221220_Repo_Gal4_cd8_GFP_control_L3_S4R_C1.tif,67.697,254.984,0,255,17261.703,4085610
767,MAX_20221220_Repo_Gal4_cd8_GFP_control_L3_S4R_C3.tif,341.017,252.052,0,255,85954.059,20344155
768,MAX_20221220_Repo_Gal4_cd8_GFP_control_L3_S5L_C1.tif,16.199,255,255,255,4130.656,977670
769,MAX_20221220_Repo_Gal4_cd8_GFP_control_L3_S5L_C3.tif,324.822,253.932,0,255,82482.757,19522545
770,MAX_20221220_Repo_Gal4_cd8_GFP_control_L3_S5R_C1.tif,86.144,254.987,0,255,21965.523,5198940
771,MAX_20221220_Repo_Gal4_cd8_GFP_control_L3_S5R_C3.tif,292.387,253.795,0,255,74206.362,17563635
772,MAX_20221220_Repo_Gal4_cd8_GFP_control_L4_S2L_C1.tif,213.992,255,255,255,54567.969,12915495
773,MAX_20221220_Repo_Gal4_cd8_GFP_control_L4_S2L_C3.tif,658.225,246.787,0,255,162441.224,38447625
774,MAX_20221220_Repo_Gal4_cd8_GFP_control_L4_S2R_C1.tif,330.467,241.884,0,255,79934.765,18919470
775,MAX_20221220_Repo_Gal4_cd8_GFP_control_L4_S2R_C1.tif,7.106,255,255,255,1812.145,428910
776,MAX_20221220_Repo_Gal4_cd8_GFP_control_L4_S2R_C3.tif,17.001,255,255,255,4335.357,1026120
777,MAX_20221220_Repo_Gal4_cd8_GFP_control_L4_S2R_C3.tif,2.425,255,255,255,618.413,146370
778,MAX_20221220_Repo_Gal4_cd8_GFP_control_L4_S2R_C3.tif,1301.232,204.871,0,255,266584.606,63096945
779,MAX_20221220_Repo_Gal4_cd8_GFP_control_L4_S3L_C1.tif,247.429,243.857,0,255,60337.313,14281020
780,MAX_20221220_Repo_Gal4_cd8_GFP_control_L4_S3L_C1.tif,2.362,214.401,0,255,506.366,119850
781,MAX_20221220_Repo_Gal4_cd8_GFP_control_L4_S3L_C1.tif,2.86,255,255,255,729.383,172635
782,MAX_20221220_Repo_Gal4_cd8_GFP_control_L4_S3L_C3.tif,581.614,248.305,0,255,144417.816,34181730
783,MAX_20221220_Repo_Gal4_cd8_GFP_control_L4_S3R_C1.tif,157.812,254.877,0,255,40222.72,9520170
784,MAX_20221220_Repo_Gal4_cd8_GFP_control_L4_S3R_C1.tif,42.25,255,255,255,10773.751,2550000
785,MAX_20221220_Repo_Gal4_cd8_GFP_control_L4_S3R_C1.tif,2.083,255,255,255,531.146,125715
786,MAX_20221220_Repo_Gal4_cd8_GFP_control_L4_S3R_C3.tif,477.763,252.722,0,255,120741.422,28577850
787,MAX_20221220_Repo_Gal4_cd8_GFP_control_L4_S4L_C1.tif,10.537,255,255,255,2686.973,635970
788,MAX_20221220_Repo_Gal4_cd8_GFP_control_L4_S4L_C1.tif,8.319,255,255,255,2121.351,502095
789,MAX_20221220_Repo_Gal4_cd8_GFP_control_L4_S4L_C1.tif,2.167,255,255,255,552.693,130815
790,MAX_20221220_Repo_Gal4_cd8_GFP_control_L4_S4L_C1.tif,64.63,254.867,0,255,16471.987,3898695
791,MAX_20221220_Repo_Gal4_cd8_GFP_control_L4_S4L_C1.tif,2.746,255,255,255,700.294,165750
792,MAX_20221220_Repo_Gal4_cd8_GFP_control_L4_S4L_C1.tif,6.646,255,255,255,1694.711,401115
793,MAX_20221220_Repo_Gal4_cd8_GFP_control_L4_S4L_C3.tif,166.634,254.496,0,255,42407.637,10037310
794,MAX_20221220_Repo_Gal4_cd8_GFP_control_L4_S4L_C3.tif,267.472,252.41,0,255,67512.63,15979320
795,MAX_20221220_Repo_Gal4_cd8_GFP_control_L4_S4L_C3.tif,2.89,251.272,0,255,726.151,171870
796,MAX_20221220_Repo_Gal4_cd8_GFP_control_L4_S4L_C3.tif,2.294,255,255,255,585.015,138465
797,MAX_20221220_Repo_Gal4_cd8_GFP_control_L4_S4L_C3.tif,3.832,255,255,255,977.179,231285
798,MAX_20221220_Repo_Gal4_cd8_GFP_control_L4_S4R_C1.tif,14.048,255,255,255,3582.272,847875
799,MAX_20221220_Repo_Gal4_cd8_GFP_control_L4_S4R_C1.tif,3.372,255,255,255,859.745,203490
800,MAX_20221220_Repo_Gal4_cd8_GFP_control_L4_S4R_C1.tif,6.278,255,255,255,1600.979,378930
801,MAX_20221220_Repo_Gal4_cd8_GFP_control_L4_S4R_C1.tif,43.902,253.11,0,255,11112.046,2630070
802,MAX_20221220_Repo_Gal4_cd8_GFP_control_L4_S4R_C3.tif,118.592,254.982,0,255,30238.686,7157085
803,MAX_20221220_Repo_Gal4_cd8_GFP_control_L4_S4R_C3.tif,231.412,252.449,0,255,58419.585,13827120
804,MAX_20221220_Repo_Gal4_cd8_GFP_control_L4_S5L_C1.tif,5.269,255,255,255,1343.487,317985
805,MAX_20221220_Repo_Gal4_cd8_GFP_control_L4_S5L_C1.tif,14.395,249.985,0,255,3598.433,851700
806,MAX_20221220_Repo_Gal4_cd8_GFP_control_L4_S5L_C3.tif,2.476,255,255,255,631.342,149430
807,MAX_20221220_Repo_Gal4_cd8_GFP_control_L4_S5L_C3.tif,342.352,253.845,0,255,86904.304,20569065
808,MAX_20221220_Repo_Gal4_cd8_GFP_control_L4_S5L_C3.tif,2.489,255,255,255,634.574,150195
809,MAX_20221220_Repo_Gal4_cd8_GFP_control_L4_S5R_C1.tif,50.413,254.957,0,255,12853.084,3042150
810,MAX_20221220_Repo_Gal4_cd8_GFP_control_L4_S5R_C3.tif,389.891,248.542,0,255,96904.499,22935975
811,MAX_20221220_Repo_Gal4_cd8_GFP_control_L5_S2L_C1.tif,2.07,251.878,0,255,521.45,123420
812,MAX_20221220_Repo_Gal4_cd8_GFP_control_L5_S2L_C1.tif,9.772,242.652,0,255,2371.302,561255
813,MAX_20221220_Repo_Gal4_cd8_GFP_control_L5_S2L_C1.tif,34.294,254.654,0,255,8733.202,2067030
814,MAX_20221220_Repo_Gal4_cd8_GFP_control_L5_S2L_C1.tif,10.613,255,255,255,2706.366,640560
815,MAX_20221220_Repo_Gal4_cd8_GFP_control_L5_S2L_C1.tif,89.135,254.988,0,255,22728.304,5379480
816,MAX_20221220_Repo_Gal4_cd8_GFP_control_L5_S2L_C1.tif,19.705,254.453,0,255,5014.104,1186770
817,MAX_20221220_Repo_Gal4_cd8_GFP_control_L5_S2L_C3.tif,374.5,251.378,0,255,94141.032,22281900
818,MAX_20221220_Repo_Gal4_cd8_GFP_control_L5_S2L_C3.tif,2.218,255,255,255,565.622,133875
819,MAX_20221220_Repo_Gal4_cd8_GFP_control_L5_S2L_C3.tif,2.789,255,255,255,711.068,168300
820,MAX_20221220_Repo_Gal4_cd8_GFP_control_L5_S3R_C1.tif,91.378,253.715,0,255,23184.034,5487345
821,MAX_20221220_Repo_Gal4_cd8_GFP_control_L5_S3R_C1.tif,2.045,255,255,255,521.45,123420
822,MAX_20221220_Repo_Gal4_cd8_GFP_control_L5_S3R_C1.tif,2.928,255,255,255,746.621,176715
823,MAX_20221220_Repo_Gal4_cd8_GFP_control_L5_S3R_C1.tif,3.811,255,255,255,971.792,230010
824,MAX_20221220_Repo_Gal4_cd8_GFP_control_L5_S3R_C1.tif,5.763,255,255,255,1469.54,347820
825,MAX_20221220_Repo_Gal4_cd8_GFP_control_L5_S3R_C3.tif,265.926,245.666,0,255,65328.791,15462435
826,MAX_20221220_Repo_Gal4_cd8_GFP_control_L5_S3R_C3.tif,4.174,255,255,255,1064.447,251940
827,MAX_20221220_Repo_Gal4_cd8_GFP_control_L5_S5L_C1.tif,32.287,254.933,0,255,8231.145,1948200
828,MAX_20221220_Repo_Gal4_cd8_GFP_control_L5_S5L_C3.tif,183.12,241.139,0,255,44157.294,10451430
829,MAX_20221220_Repo_Gal4_cd8_GFP_control_L5_S5L_C3.tif,3.067,255,255,255,782.174,185130
830,MAX_20221220_Repo_Gal4_cd8_GFP_control_L5_S5L_C3.tif,65.83,251.35,0,255,16546.326,3916290
831,MAX_20221220_Repo_Gal4_cd8_GFP_control_L5_S5L_C3.tif,9.151,254.647,0,255,2330.362,551565
NA,MAX_20221220_46F_Gal4_cd8_GFP_KK_L1_S4L_C1.tif,0,NA,NA,NA,NA,NA
